regiao,Municipio,data,casosNovos,casosAcumulados,obitosNovos,obitosAcumulados
Sudeste,Sao Paulo,2020-02-25,1,1,0,0
Sudeste,Sao Paulo,2020-02-28,1,2,0,0
Sudeste,Sao Paulo,2020-03-04,1,3,0,0
Sudeste,Sao Paulo,2020-03-05,3,6,0,0
Sudeste,Rio de Janeiro,2020-03-06,1,1,0,0
Sudeste,Sao Paulo,2020-03-07,6,12,0,0
Centro-Oeste,Brasilia,2020-03-07,1,1,0,0
Nordeste,Maceio,2020-03-08,1,1,0,0
Sudeste,Rio de Janeiro,2020-03-08,1,2,0,0
Sudeste,Sao Paulo,2020-03-08,3,15,0,0
Sudeste,Sao Paulo,2020-03-10,3,18,0,0
Sudeste,Sao Paulo,2020-03-11,11,29,0,0
Sul,Porto Alegre,2020-03-11,1,1,0,0
Centro-Oeste,Brasilia,2020-03-11,1,2,0,0
Nordeste,Natal,2020-03-12,1,1,0,0
Nordeste,Recife,2020-03-12,2,2,0,0
Sudeste,Rio de Janeiro,2020-03-12,11,13,0,0
Sudeste,Sao Paulo,2020-03-12,15,44,0,0
Sul,Curitiba,2020-03-12,5,5,0,0
Sul,Florianopolis,2020-03-12,2,2,0,0
Sul,Porto Alegre,2020-03-12,1,2,0,0
Centro-Oeste,Goiania,2020-03-12,2,2,0,0
Norte,Manaus,2020-03-13,2,2,0,0
Nordeste,Salvador,2020-03-13,3,3,0,0
Nordeste,Recife,2020-03-14,4,6,0,0
Nordeste,Aracaju,2020-03-14,1,1,0,0
Sudeste,Sao Paulo,2020-03-14,18,62,0,0
Centro-Oeste,Campo Grande,2020-03-14,2,2,0,0
Centro-Oeste,Goiania,2020-03-14,1,3,0,0
Centro-Oeste,Brasilia,2020-03-14,6,8,0,0
Nordeste,Recife,2020-03-15,1,7,0,0
Nordeste,Salvador,2020-03-15,1,4,0,0
Sudeste,Rio de Janeiro,2020-03-15,9,22,0,0
Centro-Oeste,Brasilia,2020-03-15,6,14,0,0
Nordeste,Fortaleza,2020-03-16,8,8,0,0
Nordeste,Aracaju,2020-03-16,4,5,0,0
Sudeste,Belo Horizonte,2020-03-16,1,1,0,0
Sudeste,Rio de Janeiro,2020-03-16,1,23,0,0
Sudeste,Sao Paulo,2020-03-16,83,145,0,0
Sul,Florianopolis,2020-03-16,1,3,0,0
Sul,Porto Alegre,2020-03-16,4,6,0,0
Centro-Oeste,Campo Grande,2020-03-16,2,4,0,0
Centro-Oeste,Goiania,2020-03-16,2,5,0,0
Centro-Oeste,Brasilia,2020-03-16,5,19,0,0
Norte,Rio Branco,2020-03-17,3,3,0,0
Nordeste,Fortaleza,2020-03-17,1,9,0,0
Nordeste,Recife,2020-03-17,6,13,0,0
Nordeste,Salvador,2020-03-17,1,5,0,0
Sudeste,Belo Horizonte,2020-03-17,4,5,0,0
Sudeste,Sao Paulo,2020-03-17,11,156,1,1
Sul,Curitiba,2020-03-17,2,7,0,0
Centro-Oeste,Campo Grande,2020-03-17,2,6,0,0
Centro-Oeste,Brasilia,2020-03-17,3,22,0,0
Norte,Belem,2020-03-18,1,1,0,0
Nordeste,Fortaleza,2020-03-18,8,17,0,0
Nordeste,Joao Pessoa,2020-03-18,1,1,0,0
Nordeste,Recife,2020-03-18,1,14,0,0
Nordeste,Salvador,2020-03-18,12,17,0,0
Sudeste,Belo Horizonte,2020-03-18,5,10,0,0
Sudeste,Rio de Janeiro,2020-03-18,32,55,0,0
Sudeste,Sao Paulo,2020-03-18,58,214,2,3
Sul,Curitiba,2020-03-18,1,8,0,0
Sul,Florianopolis,2020-03-18,2,5,0,0
Sul,Porto Alegre,2020-03-18,9,15,0,0
Centro-Oeste,Campo Grande,2020-03-18,1,7,0,0
Centro-Oeste,Brasilia,2020-03-18,12,34,0,0
Norte,Rio Branco,2020-03-19,1,4,0,0
Norte,Manaus,2020-03-19,1,3,0,0
Nordeste,Teresina,2020-03-19,3,3,0,0
Nordeste,Maceio,2020-03-19,3,4,0,0
Nordeste,Salvador,2020-03-19,1,18,0,0
Sudeste,Belo Horizonte,2020-03-19,8,18,0,0
Sudeste,Vitoria,2020-03-19,5,5,0,0
Sudeste,Rio de Janeiro,2020-03-19,1,56,0,0
Sudeste,Sao Paulo,2020-03-19,45,259,2,5
Sul,Curitiba,2020-03-19,9,17,0,0
Sul,Florianopolis,2020-03-19,1,6,0,0
Sul,Porto Alegre,2020-03-19,5,20,0,0
Centro-Oeste,Campo Grande,2020-03-19,1,8,0,0
Centro-Oeste,Goiania,2020-03-19,2,7,0,0
Centro-Oeste,Brasilia,2020-03-19,8,42,0,0
Norte,Rio Branco,2020-03-20,3,7,0,0
Norte,Manaus,2020-03-20,4,7,0,0
Norte,Belem,2020-03-20,1,2,0,0
Norte,Macapa,2020-03-20,1,1,0,0
Nordeste,Sao Luis,2020-03-20,1,1,0,0
Nordeste,Teresina,2020-03-20,1,4,0,0
Nordeste,Fortaleza,2020-03-20,46,63,0,0
Nordeste,Natal,2020-03-20,4,5,0,0
Nordeste,Maceio,2020-03-20,2,6,0,0
Sudeste,Belo Horizonte,2020-03-20,2,20,0,0
Sudeste,Vitoria,2020-03-20,1,6,0,0
Sudeste,Sao Paulo,2020-03-20,47,306,4,9
Sul,Curitiba,2020-03-20,10,27,0,0
Sul,Florianopolis,2020-03-20,4,10,0,0
Sul,Porto Alegre,2020-03-20,5,25,0,0
Centro-Oeste,Campo Grande,2020-03-20,3,11,0,0
Centro-Oeste,Cuiaba,2020-03-20,1,1,0,0
Centro-Oeste,Goiania,2020-03-20,2,9,0,0
Centro-Oeste,Brasilia,2020-03-20,45,87,0,0
Norte,Porto Velho,2020-03-21,2,2,0,0
Norte,Rio Branco,2020-03-21,4,11,0,0
Norte,Manaus,2020-03-21,4,11,0,0
Norte,Boa Vista,2020-03-21,2,2,0,0
Nordeste,Sao Luis,2020-03-21,1,2,0,0
Nordeste,Fortaleza,2020-03-21,13,76,0,0
Nordeste,Natal,2020-03-21,1,6,0,0
Nordeste,Recife,2020-03-21,11,25,0,0
Nordeste,Maceio,2020-03-21,1,7,0,0
Nordeste,Aracaju,2020-03-21,2,7,0,0
Nordeste,Salvador,2020-03-21,5,23,0,0
Sudeste,Belo Horizonte,2020-03-21,10,30,0,0
Sudeste,Vitoria,2020-03-21,5,11,0,0
Sudeste,Rio de Janeiro,2020-03-21,43,99,0,0
Sul,Curitiba,2020-03-21,4,31,0,0
Sul,Pato Branco,2020-03-21,1,1,0,0
Sul,Ponta Grossa,2020-03-21,1,1,0,0
Sul,Porto Alegre,2020-03-21,10,35,0,0
Centro-Oeste,Campo Grande,2020-03-21,3,14,0,0
Centro-Oeste,Brasilia,2020-03-21,21,108,0,0
Norte,Manaus,2020-03-22,14,25,0,0
Norte,Belem,2020-03-22,2,4,0,0
Nordeste,Teresina,2020-03-22,2,6,0,0
Nordeste,Fortaleza,2020-03-22,40,116,0,0
Nordeste,Natal,2020-03-22,3,9,0,0
Nordeste,Recife,2020-03-22,3,28,0,0
Nordeste,Salvador,2020-03-22,10,33,0,0
Sudeste,Rio de Janeiro,2020-03-22,69,168,0,0
Sul,Porto Alegre,2020-03-22,3,38,0,0
Centro-Oeste,Campo Grande,2020-03-22,5,19,0,0
Centro-Oeste,Goiania,2020-03-22,2,11,0,0
Centro-Oeste,Brasilia,2020-03-22,9,117,0,0
Norte,Rio Branco,2020-03-23,6,17,0,0
Norte,Manaus,2020-03-23,6,31,0,0
Nordeste,Sao Luis,2020-03-23,6,8,0,0
Nordeste,Fortaleza,2020-03-23,35,151,0,0
Nordeste,Recife,2020-03-23,2,30,0,0
Nordeste,Maceio,2020-03-23,1,8,0,0
Nordeste,Salvador,2020-03-23,4,37,0,0
Sudeste,Belo Horizonte,2020-03-23,30,60,0,0
Sudeste,Vitoria,2020-03-23,3,14,0,0
Sudeste,Rio de Janeiro,2020-03-23,44,212,1,1
Sul,Curitiba,2020-03-23,3,34,0,0
Sul,Florianopolis,2020-03-23,5,15,0,0
Sul,Porto Alegre,2020-03-23,3,41,0,0
Centro-Oeste,Cuiaba,2020-03-23,4,5,0,0
Centro-Oeste,Goiania,2020-03-23,1,12,0,0
Centro-Oeste,Brasilia,2020-03-23,21,138,0,0
Norte,Porto Velho,2020-03-24,2,4,0,0
Norte,Rio Branco,2020-03-24,4,21,0,0
Norte,Manaus,2020-03-24,14,45,0,0
Norte,Boa Vista,2020-03-24,5,7,0,0
Nordeste,Teresina,2020-03-24,2,8,0,0
Nordeste,Fortaleza,2020-03-24,19,170,0,0
Nordeste,Joao Pessoa,2020-03-24,1,2,0,0
Nordeste,Maceio,2020-03-24,2,10,0,0
Nordeste,Aracaju,2020-03-24,5,12,0,0
Nordeste,Salvador,2020-03-24,8,45,0,0
Sudeste,Belo Horizonte,2020-03-24,27,87,0,0
Sudeste,Vitoria,2020-03-24,1,15,0,0
Sudeste,Rio de Janeiro,2020-03-24,64,276,2,3
Sul,Curitiba,2020-03-24,6,40,0,0
Sul,Florianopolis,2020-03-24,5,20,0,0
Sul,Porto Alegre,2020-03-24,6,47,0,0
Centro-Oeste,Campo Grande,2020-03-24,3,22,0,0
Centro-Oeste,Goiania,2020-03-24,3,15,0,0
Centro-Oeste,Brasilia,2020-03-24,23,161,0,0
Norte,Rio Branco,2020-03-25,2,23,0,0
Norte,Manaus,2020-03-25,7,52,0,0
Norte,Macapa,2020-03-25,1,2,0,0
Nordeste,Teresina,2020-03-25,1,9,0,0
Nordeste,Fortaleza,2020-03-25,26,196,0,0
Nordeste,Joao Pessoa,2020-03-25,2,4,0,0
Nordeste,Recife,2020-03-25,1,31,1,1
Nordeste,Aracaju,2020-03-25,1,13,0,0
Nordeste,Salvador,2020-03-25,9,54,0,0
Sudeste,Belo Horizonte,2020-03-25,3,90,0,0
Sudeste,Rio de Janeiro,2020-03-25,55,331,2,5
Sudeste,Sao Paulo,2020-03-25,416,722,35,44
Sul,Campo Mourao,2020-03-25,1,1,0,0
Sul,Curitiba,2020-03-25,20,60,0,0
Sul,Ponta Grossa,2020-03-25,2,3,0,0
Sul,Florianopolis,2020-03-25,0,16,0,0
Sul,Porto Alegre,2020-03-25,40,87,1,1
Centro-Oeste,Cuiaba,2020-03-25,1,6,0,0
Centro-Oeste,Brasilia,2020-03-25,34,195,0,0
Norte,Porto Velho,2020-03-26,1,5,0,0
Norte,Manaus,2020-03-26,11,63,0,0
Norte,Boa Vista,2020-03-26,2,9,0,0
Norte,Belem,2020-03-26,2,6,0,0
Nordeste,Sao Luis,2020-03-26,2,10,0,0
Nordeste,Fortaleza,2020-03-26,28,224,3,3
Nordeste,Natal,2020-03-26,4,13,0,0
Nordeste,Joao Pessoa,2020-03-26,1,5,0,0
Nordeste,Recife,2020-03-26,2,33,1,2
Nordeste,Salvador,2020-03-26,6,60,0,0
Sudeste,Belo Horizonte,2020-03-26,6,96,0,0
Sudeste,Vitoria,2020-03-26,2,17,0,0
Sudeste,Rio de Janeiro,2020-03-26,37,368,1,6
Sudeste,Sao Paulo,2020-03-26,177,899,9,53
Sul,Curitiba,2020-03-26,6,66,0,0
Sul,Pato Branco,2020-03-26,1,2,0,0
Sul,Florianopolis,2020-03-26,4,20,0,0
Sul,Porto Alegre,2020-03-26,16,103,0,1
Centro-Oeste,Campo Grande,2020-03-26,1,23,0,0
Centro-Oeste,Cuiaba,2020-03-26,2,8,0,0
Centro-Oeste,Goiania,2020-03-26,6,21,0,0
Centro-Oeste,Brasilia,2020-03-26,6,201,0,0
Norte,Rio Branco,2020-03-27,2,25,0,0
Norte,Manaus,2020-03-27,12,75,0,0
Norte,Belem,2020-03-27,3,9,0,0
Norte,Macapa,2020-03-27,1,3,0,0
Nordeste,Sao Luis,2020-03-27,3,13,0,0
Nordeste,Fortaleza,2020-03-27,44,268,0,3
Nordeste,Natal,2020-03-27,6,19,0,0
Nordeste,Joao Pessoa,2020-03-27,2,7,0,0
Nordeste,Recife,2020-03-27,5,38,1,3
Nordeste,Maceio,2020-03-27,1,11,0,0
Nordeste,Salvador,2020-03-27,18,78,0,0
Sudeste,Belo Horizonte,2020-03-27,22,118,0,0
Sudeste,Vitoria,2020-03-27,1,18,0,0
Sudeste,Rio de Janeiro,2020-03-27,63,431,0,6
Sudeste,Sao Paulo,2020-03-27,145,1044,9,62
Sul,Campo Mourao,2020-03-27,1,2,0,0
Sul,Curitiba,2020-03-27,5,71,0,0
Sul,Guarapuava,2020-03-27,1,1,0,0
Sul,Florianopolis,2020-03-27,7,27,0,0
Sul,Porto Alegre,2020-03-27,4,107,1,2
Centro-Oeste,Campo Grande,2020-03-27,1,24,0,0
Centro-Oeste,Goiania,2020-03-27,5,26,0,0
Centro-Oeste,Brasilia,2020-03-27,40,241,0,0
Norte,Manaus,2020-03-28,30,105,0,0
Norte,Boa Vista,2020-03-28,4,13,0,0
Norte,Belem,2020-03-28,1,10,0,0
Norte,Macapa,2020-03-28,1,4,0,0
Nordeste,Sao Luis,2020-03-28,2,15,0,0
Nordeste,Fortaleza,2020-03-28,36,304,1,4
Nordeste,Natal,2020-03-28,15,34,0,0
Nordeste,Joao Pessoa,2020-03-28,3,10,0,0
Nordeste,Recife,2020-03-28,8,46,1,4
Nordeste,Maceio,2020-03-28,2,13,0,0
Nordeste,Salvador,2020-03-28,3,81,0,0
Sudeste,Belo Horizonte,2020-03-28,11,129,0,0
Sudeste,Vitoria,2020-03-28,2,20,0,0
Sudeste,Rio de Janeiro,2020-03-28,58,489,3,9
Sul,Curitiba,2020-03-28,3,74,0,0
Sul,Florianopolis,2020-03-28,3,30,0,0
Centro-Oeste,Campo Grande,2020-03-28,1,25,0,0
Centro-Oeste,Goiania,2020-03-28,7,33,0,0
Centro-Oeste,Brasilia,2020-03-28,19,260,0,0
Norte,Rio Branco,2020-03-29,6,31,0,0
Norte,Manaus,2020-03-29,26,131,0,0
Norte,Belem,2020-03-29,2,12,0,0
Norte,Macapa,2020-03-29,4,8,0,0
Nordeste,Sao Luis,2020-03-29,6,21,1,1
Nordeste,Fortaleza,2020-03-29,34,338,1,5
Nordeste,Recife,2020-03-29,4,50,0,4
Nordeste,Maceio,2020-03-29,0,12,0,0
Nordeste,Salvador,2020-03-29,22,103,1,1
Sudeste,Belo Horizonte,2020-03-29,14,143,0,0
Sudeste,Vitoria,2020-03-29,1,21,0,0
Sudeste,Rio de Janeiro,2020-03-29,27,516,4,13
Sul,Curitiba,2020-03-29,0,73,0,0
Sul,Medianeira,2020-03-29,1,1,0,0
Sul,Florianopolis,2020-03-29,10,40,0,0
Sul,Porto Alegre,2020-03-29,28,135,0,2
Centro-Oeste,Campo Grande,2020-03-29,4,29,0,0
Centro-Oeste,Brasilia,2020-03-29,38,298,1,1
Norte,Porto Velho,2020-03-30,1,6,1,1
Norte,Rio Branco,2020-03-30,3,34,0,0
Norte,Manaus,2020-03-30,9,140,1,1
Norte,Belem,2020-03-30,5,17,0,0
Nordeste,Sao Luis,2020-03-30,9,30,0,1
Nordeste,Teresina,2020-03-30,7,16,2,2
Nordeste,Fortaleza,2020-03-30,15,353,0,5
Nordeste,Natal,2020-03-30,2,36,0,0
Nordeste,Joao Pessoa,2020-03-30,2,12,0,0
Nordeste,Recife,2020-03-30,2,52,0,4
Nordeste,Aracaju,2020-03-30,2,15,0,0
Nordeste,Salvador,2020-03-30,14,117,1,2
Sudeste,Belo Horizonte,2020-03-30,20,163,1,1
Sudeste,Vitoria,2020-03-30,5,26,0,0
Sudeste,Rio de Janeiro,2020-03-30,37,553,0,13
Sudeste,Sao Paulo,2020-03-30,189,1233,41,103
Sul,Curitiba,2020-03-30,4,77,0,0
Sul,Florianopolis,2020-03-30,10,50,0,0
Sul,Porto Alegre,2020-03-30,8,143,0,2
Centro-Oeste,Campo Grande,2020-03-30,7,36,0,0
Centro-Oeste,Cuiaba,2020-03-30,4,12,0,0
Centro-Oeste,Goiania,2020-03-30,2,35,0,0
Centro-Oeste,Brasilia,2020-03-30,14,312,1,2
Norte,Porto Velho,2020-03-31,1,7,0,1
Norte,Manaus,2020-03-31,19,159,1,2
Norte,Belem,2020-03-31,4,21,0,0
Norte,Tucurui,2020-03-31,1,1,0,0
Norte,Macapa,2020-03-31,2,10,0,0
Nordeste,Sao Luis,2020-03-31,21,51,0,1
Nordeste,Fortaleza,2020-03-31,18,371,1,6
Nordeste,Natal,2020-03-31,6,42,0,0
Nordeste,Joao Pessoa,2020-03-31,1,13,0,0
Nordeste,Recife,2020-03-31,6,58,0,4
Nordeste,Maceio,2020-03-31,1,13,1,1
Nordeste,Aracaju,2020-03-31,1,16,0,0
Nordeste,Salvador,2020-03-31,15,132,0,2
Sudeste,Belo Horizonte,2020-03-31,0,163,1,2
Sudeste,Vitoria,2020-03-31,2,28,0,0
Sudeste,Rio de Janeiro,2020-03-31,33,586,5,18
Sudeste,Sao Paulo,2020-03-31,652,1885,18,121
Sul,Campo Mourao,2020-03-31,1,3,0,0
Sul,Curitiba,2020-03-31,10,87,0,0
Sul,Francisco Beltrao,2020-03-31,1,1,0,0
Sul,Florianopolis,2020-03-31,8,58,0,0
Sul,Porto Alegre,2020-03-31,47,190,0,2
Centro-Oeste,Campo Grande,2020-03-31,1,37,0,0
Centro-Oeste,Cuiaba,2020-03-31,6,18,0,0
Centro-Oeste,Goiania,2020-03-31,4,39,0,0
Centro-Oeste,Brasilia,2020-03-31,21,333,1,3
Norte,Manaus,2020-04-01,20,179,0,2
Norte,Boa Vista,2020-04-01,10,23,0,0
Norte,Belem,2020-04-01,4,25,0,0
Norte,Macapa,2020-04-01,1,11,0,0
Nordeste,Sao Luis,2020-04-01,17,68,0,1
Nordeste,Teresina,2020-04-01,1,17,0,2
Nordeste,Fortaleza,2020-04-01,42,413,0,6
Nordeste,Natal,2020-04-01,6,48,1,1
Nordeste,Joao Pessoa,2020-04-01,2,15,0,0
Nordeste,Recife,2020-04-01,6,64,1,5
Nordeste,Aracaju,2020-04-01,3,19,0,0
Nordeste,Salvador,2020-04-01,21,153,0,2
Sudeste,Belo Horizonte,2020-04-01,25,188,0,2
Sudeste,Vitoria,2020-04-01,6,34,0,0
Sudeste,Rio de Janeiro,2020-04-01,111,697,2,20
Sudeste,Sao Paulo,2020-04-01,533,2418,23,144
Sul,Campo Mourao,2020-04-01,1,4,0,0
Sul,Curitiba,2020-04-01,10,97,0,0
Sul,Florianopolis,2020-04-01,2,60,0,0
Sul,Porto Alegre,2020-04-01,0,190,1,3
Centro-Oeste,Campo Grande,2020-04-01,1,38,0,0
Centro-Oeste,Cuiaba,2020-04-01,1,19,0,0
Centro-Oeste,Goiania,2020-04-01,3,42,0,0
Centro-Oeste,Brasilia,2020-04-01,37,370,1,4
Norte,Porto Velho,2020-04-02,1,8,0,1
Norte,Rio Branco,2020-04-02,2,36,0,0
Norte,Manaus,2020-04-02,26,205,0,2
Norte,Boa Vista,2020-04-02,1,24,0,0
Norte,Belem,2020-04-02,3,28,0,0
Norte,Macapa,2020-04-02,1,12,0,0
Nordeste,Sao Luis,2020-04-02,10,78,0,1
Nordeste,Fortaleza,2020-04-02,113,526,0,0
Nordeste,Natal,2020-04-02,8,56,0,1
Nordeste,Joao Pessoa,2020-04-02,8,23,0,0
Nordeste,Recife,2020-04-02,10,74,1,6
Nordeste,Aracaju,2020-04-02,1,20,2,2
Nordeste,Salvador,2020-04-02,14,167,1,3
Sudeste,Belo Horizonte,2020-04-02,22,210,1,3
Sudeste,Vitoria,2020-04-02,2,36,0,0
Sudeste,Rio de Janeiro,2020-04-02,101,798,11,31
Sudeste,Sao Paulo,2020-04-02,397,2815,20,164
Sul,Campo Mourao,2020-04-02,4,8,1,1
Sul,Cornelio Procopio,2020-04-02,1,1,0,0
Sul,Curitiba,2020-04-02,2,99,0,0
Sul,Ponta Grossa,2020-04-02,1,4,0,0
Sul,Florianopolis,2020-04-02,11,71,1,1
Sul,Porto Alegre,2020-04-02,42,232,0,3
Centro-Oeste,Cuiaba,2020-04-02,6,25,0,0
Centro-Oeste,Goiania,2020-04-02,1,43,0,0
Centro-Oeste,Brasilia,2020-04-02,30,400,1,5
Norte,Manaus,2020-04-03,27,232,3,5
Norte,Boa Vista,2020-04-03,7,31,1,1
Norte,Belem,2020-04-03,14,42,0,0
Norte,Macapa,2020-04-03,7,19,0,0
Nordeste,Sao Luis,2020-04-03,4,82,0,1
Nordeste,Teresina,2020-04-03,2,19,0,2
Nordeste,Fortaleza,2020-04-03,74,600,17,17
Nordeste,Natal,2020-04-03,21,77,0,1
Nordeste,Joao Pessoa,2020-04-03,1,24,0,0
Nordeste,Recife,2020-04-03,18,92,0,6
Nordeste,Maceio,2020-04-03,4,17,1,2
Nordeste,Aracaju,2020-04-03,3,23,0,2
Nordeste,Salvador,2020-04-03,16,183,2,5
Sudeste,Belo Horizonte,2020-04-03,15,225,0,3
Sudeste,Vitoria,2020-04-03,3,39,2,2
Sudeste,Rio de Janeiro,2020-04-03,69,867,5,36
Sudeste,Sao Paulo,2020-04-03,387,3202,22,186
Sul,Campo Mourao,2020-04-03,1,9,0,1
Sul,Curitiba,2020-04-03,15,114,0,0
Sul,Medianeira,2020-04-03,2,3,0,0
Sul,Florianopolis,2020-04-03,7,78,0,1
Sul,Porto Alegre,2020-04-03,1,233,1,4
Centro-Oeste,Campo Grande,2020-04-03,5,43,0,0
Centro-Oeste,Goiania,2020-04-03,7,50,1,1
Centro-Oeste,Brasilia,2020-04-03,19,419,1,6
Norte,Porto Velho,2020-04-04,1,9,0,1
Norte,Manaus,2020-04-04,51,283,4,9
Norte,Boa Vista,2020-04-04,5,36,0,1
Norte,Belem,2020-04-04,3,45,0,0
Norte,Macapa,2020-04-04,9,28,1,1
Nordeste,Sao Luis,2020-04-04,4,86,1,2
Nordeste,Teresina,2020-04-04,2,21,0,2
Nordeste,Fortaleza,2020-04-04,81,681,1,18
Nordeste,Joao Pessoa,2020-04-04,2,26,1,1
Nordeste,Recife,2020-04-04,27,119,4,10
Nordeste,Aracaju,2020-04-04,4,27,1,3
Nordeste,Salvador,2020-04-04,32,215,0,5
Sudeste,Belo Horizonte,2020-04-04,12,237,0,3
Sudeste,Vitoria,2020-04-04,4,43,0,2
Sudeste,Rio de Janeiro,2020-04-04,115,982,2,38
Sudeste,Sao Paulo,2020-04-04,294,3496,26,212
Sul,Campo Mourao,2020-04-04,2,11,0,1
Sul,Curitiba,2020-04-04,39,153,0,0
Sul,Palmas,2020-04-04,1,1,0,0
Sul,Pato Branco,2020-04-04,1,3,0,0
Sul,Ponta Grossa,2020-04-04,1,5,0,0
Sul,Florianopolis,2020-04-04,13,91,1,2
Sul,Porto Alegre,2020-04-04,8,241,0,4
Centro-Oeste,Cuiaba,2020-04-04,13,38,0,0
Centro-Oeste,Goiania,2020-04-04,15,65,0,1
Centro-Oeste,Brasilia,2020-04-04,37,456,1,7
Norte,Porto Velho,2020-04-05,1,10,0,1
Norte,Rio Branco,2020-04-05,2,38,0,0
Norte,Manaus,2020-04-05,96,379,2,11
Norte,Belem,2020-04-05,4,49,0,0
Norte,Macapa,2020-04-05,1,29,0,1
Nordeste,Sao Luis,2020-04-05,35,121,0,2
Nordeste,Fortaleza,2020-04-05,188,869,8,26
Nordeste,Natal,2020-04-05,36,113,1,2
Nordeste,Joao Pessoa,2020-04-05,0,26,1,2
Nordeste,Recife,2020-04-05,20,139,4,14
Nordeste,Maceio,2020-04-05,3,20,0,2
Nordeste,Salvador,2020-04-05,29,244,2,7
Sudeste,Belo Horizonte,2020-04-05,25,262,0,3
Sudeste,Vitoria,2020-04-05,19,62,0,2
Sudeste,Rio de Janeiro,2020-04-05,86,1068,4,42
Sudeste,Sao Paulo,2020-04-05,116,3612,8,220
Sul,Campo Mourao,2020-04-05,2,13,2,3
Sul,Curitiba,2020-04-05,19,172,0,0
Sul,Medianeira,2020-04-05,1,4,0,0
Sul,Florianopolis,2020-04-05,3,94,0,2
Sul,Porto Alegre,2020-04-05,13,254,1,5
Centro-Oeste,Goiania,2020-04-05,8,73,1,2
Centro-Oeste,Brasilia,2020-04-05,12,468,0,7
Norte,Porto Velho,2020-04-06,4,14,0,1
Norte,Rio Branco,2020-04-06,1,39,1,1
Norte,Manaus,2020-04-06,94,473,4,15
Norte,Belem,2020-04-06,26,75,3,3
Norte,Macapa,2020-04-06,6,35,0,1
Nordeste,Sao Luis,2020-04-06,31,152,2,4
Nordeste,Teresina,2020-04-06,1,22,0,2
Nordeste,Fortaleza,2020-04-06,60,929,1,27
Nordeste,Joao Pessoa,2020-04-06,1,27,0,2
Nordeste,Recife,2020-04-06,7,146,2,16
Nordeste,Maceio,2020-04-06,2,22,0,2
Nordeste,Aracaju,2020-04-06,0,27,1,4
Nordeste,Salvador,2020-04-06,19,263,1,8
Sudeste,Belo Horizonte,2020-04-06,2,264,1,4
Sudeste,Vitoria,2020-04-06,2,64,0,2
Sudeste,Rio de Janeiro,2020-04-06,42,1110,5,47
Sudeste,Sao Paulo,2020-04-06,142,3754,24,244
Sul,Curitiba,2020-04-06,3,175,3,3
Sul,Florianopolis,2020-04-06,5,99,0,2
Sul,Porto Alegre,2020-04-06,0,253,0,5
Centro-Oeste,Campo Grande,2020-04-06,1,44,0,0
Centro-Oeste,Cuiaba,2020-04-06,5,43,0,0
Centro-Oeste,Goiania,2020-04-06,0,73,2,4
Centro-Oeste,Brasilia,2020-04-06,17,485,3,10
Norte,Porto Velho,2020-04-07,5,19,0,1
Norte,Rio Branco,2020-04-07,0,39,1,2
Norte,Manaus,2020-04-07,87,560,4,19
Norte,Boa Vista,2020-04-07,6,42,0,1
Norte,Belem,2020-04-07,25,100,0,3
Norte,Macapa,2020-04-07,12,47,0,1
Nordeste,Sao Luis,2020-04-07,51,203,7,11
Nordeste,Teresina,2020-04-07,2,24,1,3
Nordeste,Fortaleza,2020-04-07,124,1053,3,30
Nordeste,Natal,2020-04-07,3,116,0,2
Nordeste,Joao Pessoa,2020-04-07,3,30,0,2
Nordeste,Recife,2020-04-07,75,221,2,18
Nordeste,Maceio,2020-04-07,2,24,0,2
Nordeste,Aracaju,2020-04-07,3,30,0,4
Nordeste,Salvador,2020-04-07,6,269,2,10
Sudeste,Belo Horizonte,2020-04-07,11,275,1,5
Sudeste,Vitoria,2020-04-07,1,65,0,2
Sudeste,Rio de Janeiro,2020-04-07,141,1251,12,59
Sudeste,Sao Paulo,2020-04-07,504,4258,52,296
Sul,Campo Mourao,2020-04-07,2,15,0,3
Sul,Curitiba,2020-04-07,19,194,0,3
Sul,Florianopolis,2020-04-07,15,114,1,3
Sul,Porto Alegre,2020-04-07,19,272,0,5
Centro-Oeste,Campo Grande,2020-04-07,4,48,0,0
Centro-Oeste,Goiania,2020-04-07,3,76,0,4
Centro-Oeste,Brasilia,2020-04-07,18,503,2,12
Norte,Porto Velho,2020-04-08,2,21,0,1
Norte,Rio Branco,2020-04-08,6,45,0,2
Norte,Manaus,2020-04-08,152,712,6,25
Norte,Boa Vista,2020-04-08,3,45,0,1
Norte,Belem,2020-04-08,11,111,1,4
Norte,Macapa,2020-04-08,48,95,0,1
Nordeste,Sao Luis,2020-04-08,25,228,0,11
Nordeste,Teresina,2020-04-08,7,31,1,4
Nordeste,Fortaleza,2020-04-08,185,1238,15,45
Nordeste,Natal,2020-04-08,0,116,1,3
Nordeste,Joao Pessoa,2020-04-08,10,40,2,4
Nordeste,Recife,2020-04-08,33,254,3,21
Nordeste,Maceio,2020-04-08,3,27,0,2
Nordeste,Aracaju,2020-04-08,2,32,0,4
Nordeste,Salvador,2020-04-08,23,292,1,11
Sudeste,Belo Horizonte,2020-04-08,24,299,1,6
Sudeste,Vitoria,2020-04-08,12,77,0,2
Sudeste,Rio de Janeiro,2020-04-08,198,1449,14,73
Sudeste,Sao Paulo,2020-04-08,689,4947,43,339
Sul,Campo Mourao,2020-04-08,0,15,1,4
Sul,Curitiba,2020-04-08,11,205,0,3
Sul,Toledo,2020-04-08,1,1,0,0
Sul,Florianopolis,2020-04-08,9,123,0,3
Sul,Porto Alegre,2020-04-08,7,279,1,6
Centro-Oeste,Cuiaba,2020-04-08,7,50,0,0
Centro-Oeste,Goiania,2020-04-08,9,85,0,4
Centro-Oeste,Brasilia,2020-04-08,6,509,0,12
Norte,Porto Velho,2020-04-09,2,23,1,2
Norte,Rio Branco,2020-04-09,3,48,0,2
Norte,Manaus,2020-04-09,88,800,8,33
Norte,Boa Vista,2020-04-09,11,56,1,2
Norte,Belem,2020-04-09,3,114,1,5
Norte,Macapa,2020-04-09,2,97,0,1
Nordeste,Sao Luis,2020-04-09,19,247,3,14
Nordeste,Teresina,2020-04-09,1,32,1,5
Nordeste,Fortaleza,2020-04-09,45,1283,0,45
Nordeste,Joao Pessoa,2020-04-09,19,59,3,7
Nordeste,Recife,2020-04-09,86,340,6,27
Nordeste,Maceio,2020-04-09,0,27,1,3
Nordeste,Salvador,2020-04-09,22,314,0,11
Sudeste,Belo Horizonte,2020-04-09,11,310,0,6
Sudeste,Vitoria,2020-04-09,4,81,0,2
Sudeste,Rio de Janeiro,2020-04-09,184,1633,9,82
Sudeste,Sao Paulo,2020-04-09,530,5477,45,384
Sul,Campo Mourao,2020-04-09,1,16,0,4
Sul,Curitiba,2020-04-09,32,237,2,5
Sul,Florianopolis,2020-04-09,43,166,0,3
Sul,Porto Alegre,2020-04-09,24,303,0,6
Centro-Oeste,Cuiaba,2020-04-09,8,58,0,0
Centro-Oeste,Goiania,2020-04-09,17,102,0,4
Centro-Oeste,Brasilia,2020-04-09,18,527,1,13
Norte,Rio Branco,2020-04-10,7,55,0,2
Norte,Manaus,2020-04-10,63,863,9,42
Norte,Boa Vista,2020-04-10,12,68,0,2
Norte,Belem,2020-04-10,33,147,2,7
Norte,Macapa,2020-04-10,49,146,0,1
Nordeste,Sao Luis,2020-04-10,41,288,5,19
Nordeste,Teresina,2020-04-10,1,33,0,5
Nordeste,Fortaleza,2020-04-10,83,1366,8,53
Nordeste,Natal,2020-04-10,1,117,0,3
Nordeste,Joao Pessoa,2020-04-10,5,64,0,7
Nordeste,Recife,2020-04-10,73,413,5,32
Nordeste,Maceio,2020-04-10,7,34,0,3
Nordeste,Aracaju,2020-04-10,1,33,0,4
Nordeste,Salvador,2020-04-10,29,343,0,11
Sudeste,Belo Horizonte,2020-04-10,20,330,0,6
Sudeste,Vitoria,2020-04-10,15,96,0,2
Sudeste,Rio de Janeiro,2020-04-10,175,1808,10,92
Sudeste,Sao Paulo,2020-04-10,505,5982,25,409
Sul,Campo Mourao,2020-04-10,2,18,0,4
Sul,Curitiba,2020-04-10,14,251,0,5
Sul,Florianopolis,2020-04-10,1,167,0,3
Centro-Oeste,Campo Grande,2020-04-10,1,49,0,0
Centro-Oeste,Cuiaba,2020-04-10,2,60,0,0
Centro-Oeste,Goiania,2020-04-10,7,109,1,5
Centro-Oeste,Brasilia,2020-04-10,29,556,1,14
Norte,Porto Velho,2020-04-11,2,25,0,2
Norte,Rio Branco,2020-04-11,2,57,0,2
Norte,Manaus,2020-04-11,69,932,3,45
Norte,Boa Vista,2020-04-11,2,70,0,2
Norte,Belem,2020-04-11,14,161,1,8
Norte,Macapa,2020-04-11,25,171,2,3
Nordeste,Sao Luis,2020-04-11,45,333,3,22
Nordeste,Teresina,2020-04-11,3,36,0,5
Nordeste,Fortaleza,2020-04-11,91,1457,5,58
Nordeste,Natal,2020-04-11,14,131,0,3
Nordeste,Joao Pessoa,2020-04-11,14,78,1,8
Nordeste,Recife,2020-04-11,73,486,2,34
Nordeste,Maceio,2020-04-11,3,37,0,3
Nordeste,Aracaju,2020-04-11,2,35,0,4
Nordeste,Salvador,2020-04-11,12,355,0,11
Sudeste,Belo Horizonte,2020-04-11,8,338,0,6
Sudeste,Vitoria,2020-04-11,5,101,0,2
Sudeste,Rio de Janeiro,2020-04-11,97,1905,6,98
Sudeste,Sao Paulo,2020-04-11,149,6131,13,422
Sul,Curitiba,2020-04-11,28,279,0,5
Sul,Florianopolis,2020-04-11,6,173,0,3
Sul,Porto Alegre,2020-04-11,8,311,0,6
Centro-Oeste,Campo Grande,2020-04-11,2,51,0,0
Centro-Oeste,Cuiaba,2020-04-11,4,64,0,0
Centro-Oeste,Goiania,2020-04-11,5,114,0,5
Centro-Oeste,Brasilia,2020-04-11,36,592,0,14
Norte,Porto Velho,2020-04-12,2,27,0,2
Norte,Rio Branco,2020-04-12,3,60,0,2
Norte,Manaus,2020-04-12,121,1053,6,51
Norte,Boa Vista,2020-04-12,4,74,0,2
Norte,Belem,2020-04-12,19,180,3,11
Norte,Macapa,2020-04-12,33,204,0,3
Nordeste,Sao Luis,2020-04-12,36,369,3,25
Nordeste,Teresina,2020-04-12,6,42,0,5
Nordeste,Fortaleza,2020-04-12,72,1529,1,59
Nordeste,Natal,2020-04-12,14,145,1,4
Nordeste,Joao Pessoa,2020-04-12,8,86,0,8
Nordeste,Recife,2020-04-12,71,557,3,37
Nordeste,Salvador,2020-04-12,9,364,0,11
Sudeste,Belo Horizonte,2020-04-12,17,355,0,6
Sudeste,Vitoria,2020-04-12,10,111,2,4
Sudeste,Rio de Janeiro,2020-04-12,91,1996,8,106
Sudeste,Sao Paulo,2020-04-12,221,6352,23,445
Sul,Campo Mourao,2020-04-12,1,19,0,4
Sul,Curitiba,2020-04-12,23,302,1,6
Sul,Florianopolis,2020-04-12,4,177,0,3
Sul,Porto Alegre,2020-04-12,3,314,0,6
Centro-Oeste,Goiania,2020-04-12,12,126,2,7
Centro-Oeste,Brasilia,2020-04-12,26,618,0,14
Norte,Rio Branco,2020-04-13,8,68,1,3
Norte,Manaus,2020-04-13,53,1106,9,60
Norte,Boa Vista,2020-04-13,30,104,0,2
Norte,Belem,2020-04-13,38,218,0,11
Norte,Macapa,2020-04-13,7,211,1,4
Nordeste,Sao Luis,2020-04-13,23,392,5,30
Nordeste,Teresina,2020-04-13,5,47,0,5
Nordeste,Fortaleza,2020-04-13,157,1686,19,78
Nordeste,Natal,2020-04-13,14,159,1,5
Nordeste,Joao Pessoa,2020-04-13,17,103,3,11
Nordeste,Recife,2020-04-13,115,672,9,46
Nordeste,Maceio,2020-04-13,10,47,1,4
Nordeste,Aracaju,2020-04-13,1,36,0,4
Nordeste,Salvador,2020-04-13,26,390,0,11
Sudeste,Belo Horizonte,2020-04-13,2,357,0,6
Sudeste,Vitoria,2020-04-13,8,119,2,6
Sudeste,Rio de Janeiro,2020-04-13,326,2322,9,115
Sudeste,Sao Paulo,2020-04-13,66,6418,11,456
Sul,Apucarana,2020-04-13,5,5,0,0
Sul,Curitiba,2020-04-13,0,299,0,6
Sul,Florianopolis,2020-04-13,22,199,0,3
Sul,Porto Alegre,2020-04-13,1,315,1,7
Centro-Oeste,Campo Grande,2020-04-13,4,55,2,2
Centro-Oeste,Cuiaba,2020-04-13,8,72,0,0
Centro-Oeste,Goiania,2020-04-13,4,130,0,7
Centro-Oeste,Brasilia,2020-04-13,23,641,1,15
Norte,Porto Velho,2020-04-14,22,49,0,2
Norte,Rio Branco,2020-04-14,6,74,0,3
Norte,Manaus,2020-04-14,189,1295,21,81
Norte,Boa Vista,2020-04-14,1,105,0,2
Norte,Belem,2020-04-14,54,272,5,16
Norte,Tucurui,2020-04-14,1,2,0,0
Norte,Macapa,2020-04-14,50,261,1,5
Nordeste,Sao Luis,2020-04-14,141,533,2,32
Nordeste,Teresina,2020-04-14,16,63,0,5
Nordeste,Fortaleza,2020-04-14,108,1794,8,86
Nordeste,Natal,2020-04-14,12,171,0,5
Nordeste,Joao Pessoa,2020-04-14,12,115,3,14
Nordeste,Recife,2020-04-14,61,733,4,50
Nordeste,Maceio,2020-04-14,12,59,0,4
Nordeste,Aracaju,2020-04-14,1,37,0,4
Nordeste,Salvador,2020-04-14,38,428,2,13
Sudeste,Belo Horizonte,2020-04-14,16,373,0,6
Sudeste,Vitoria,2020-04-14,16,135,0,6
Sudeste,Rio de Janeiro,2020-04-14,71,2393,25,140
Sudeste,Sao Paulo,2020-04-14,287,6705,56,512
Sul,Apucarana,2020-04-14,1,6,0,0
Sul,Campo Mourao,2020-04-14,2,21,0,4
Sul,Curitiba,2020-04-14,3,302,1,7
Sul,Pato Branco,2020-04-14,2,5,1,1
Sul,Ponta Grossa,2020-04-14,1,6,0,0
Sul,Florianopolis,2020-04-14,8,207,0,3
Sul,Porto Alegre,2020-04-14,12,327,1,8
Centro-Oeste,Cuiaba,2020-04-14,3,75,0,0
Centro-Oeste,Goiania,2020-04-14,30,160,0,7
Centro-Oeste,Brasilia,2020-04-14,10,651,2,17
Norte,Porto Velho,2020-04-15,3,52,0,2
Norte,Rio Branco,2020-04-15,2,76,0,3
Norte,Manaus,2020-04-15,55,1350,11,92
Norte,Boa Vista,2020-04-15,26,131,0,2
Norte,Belem,2020-04-15,56,328,0,16
Norte,Macapa,2020-04-15,29,290,0,5
Nordeste,Sao Luis,2020-04-15,49,582,2,34
Nordeste,Teresina,2020-04-15,14,77,0,5
Nordeste,Fortaleza,2020-04-15,152,1946,7,93
Nordeste,Natal,2020-04-15,1,172,0,5
Nordeste,Joao Pessoa,2020-04-15,9,124,2,16
Nordeste,Recife,2020-04-15,124,857,12,62
Nordeste,Maceio,2020-04-15,8,67,0,3
Nordeste,Salvador,2020-04-15,94,522,2,15
Sudeste,Belo Horizonte,2020-04-15,7,380,0,6
Sudeste,Vitoria,2020-04-15,40,175,0,6
Sudeste,Rio de Janeiro,2020-04-15,126,2519,27,167
Sudeste,Sao Paulo,2020-04-15,1059,7764,46,558
Sul,Apucarana,2020-04-15,2,8,0,0
Sul,Curitiba,2020-04-15,4,306,1,8
Sul,Florianopolis,2020-04-15,7,214,0,3
Sul,Porto Alegre,2020-04-15,23,350,0,8
Centro-Oeste,Campo Grande,2020-04-15,6,61,0,2
Centro-Oeste,Cuiaba,2020-04-15,4,79,0,0
Centro-Oeste,Goiania,2020-04-15,16,176,0,7
Centro-Oeste,Brasilia,2020-04-15,37,688,0,17
Norte,Porto Velho,2020-04-16,6,58,0,2
Norte,Rio Branco,2020-04-16,10,86,1,4
Norte,Manaus,2020-04-16,109,1459,15,107
Norte,Boa Vista,2020-04-16,16,147,0,2
Norte,Belem,2020-04-16,61,389,4,20
Norte,Macapa,2020-04-16,13,303,3,8
Nordeste,Sao Luis,2020-04-16,82,664,1,35
Nordeste,Teresina,2020-04-16,9,86,0,5
Nordeste,Fortaleza,2020-04-16,95,2041,2,95
Nordeste,Natal,2020-04-16,32,204,0,5
Nordeste,Joao Pessoa,2020-04-16,18,142,0,16
Nordeste,Recife,2020-04-16,101,958,8,70
Nordeste,Maceio,2020-04-16,3,70,0,3
Nordeste,Aracaju,2020-04-16,3,40,0,4
Nordeste,Salvador,2020-04-16,50,572,3,18
Sudeste,Belo Horizonte,2020-04-16,10,390,1,7
Sudeste,Vitoria,2020-04-16,33,208,2,8
Sudeste,Rio de Janeiro,2020-04-16,140,2659,28,195
Sudeste,Sao Paulo,2020-04-16,144,7908,45,603
Sul,Curitiba,2020-04-16,14,320,0,8
Sul,Pato Branco,2020-04-16,2,7,0,1
Sul,Florianopolis,2020-04-16,5,219,0,3
Sul,Porto Alegre,2020-04-16,11,361,0,8
Centro-Oeste,Campo Grande,2020-04-16,7,68,0,2
Centro-Oeste,Cuiaba,2020-04-16,4,83,1,1
Centro-Oeste,Goiania,2020-04-16,6,182,1,8
Centro-Oeste,Brasilia,2020-04-16,39,727,3,20
Norte,Porto Velho,2020-04-17,13,71,0,2
Norte,Rio Branco,2020-04-17,19,105,0,4
Norte,Manaus,2020-04-17,72,1531,20,127
Norte,Boa Vista,2020-04-17,36,183,0,2
Norte,Belem,2020-04-17,46,435,2,22
Norte,Macapa,2020-04-17,9,312,0,8
Nordeste,Sao Luis,2020-04-17,198,862,3,38
Nordeste,Teresina,2020-04-17,8,94,0,5
Nordeste,Fortaleza,2020-04-17,259,2300,24,119
Nordeste,Natal,2020-04-17,32,236,0,5
Nordeste,Joao Pessoa,2020-04-17,6,148,1,17
Nordeste,Recife,2020-04-17,178,1136,15,85
Nordeste,Maceio,2020-04-17,20,90,2,5
Nordeste,Aracaju,2020-04-17,4,44,0,4
Nordeste,Salvador,2020-04-17,71,643,0,18
Sudeste,Belo Horizonte,2020-04-17,16,406,1,8
Sudeste,Vitoria,2020-04-17,1,209,0,8
Sudeste,Rio de Janeiro,2020-04-17,287,2946,24,219
Sudeste,Sao Paulo,2020-04-17,836,8744,40,643
Sul,Campo Mourao,2020-04-17,1,22,0,4
Sul,Curitiba,2020-04-17,15,335,0,8
Sul,Florianopolis,2020-04-17,2,221,0,3
Sul,Porto Alegre,2020-04-17,8,369,1,9
Centro-Oeste,Campo Grande,2020-04-17,3,71,0,2
Centro-Oeste,Cuiaba,2020-04-17,5,88,0,1
Centro-Oeste,Goiania,2020-04-17,6,188,0,8
Centro-Oeste,Brasilia,2020-04-17,29,756,4,24
Norte,Porto Velho,2020-04-18,17,88,1,3
Norte,Rio Branco,2020-04-18,7,112,1,5
Norte,Manaus,2020-04-18,62,1593,7,134
Norte,Boa Vista,2020-04-18,17,200,0,2
Norte,Belem,2020-04-18,11,446,0,22
Norte,Macapa,2020-04-18,16,328,0,8
Nordeste,Sao Luis,2020-04-18,128,990,2,40
Nordeste,Teresina,2020-04-18,17,111,0,5
Nordeste,Fortaleza,2020-04-18,262,2562,22,141
Nordeste,Natal,2020-04-18,23,259,0,5
Nordeste,Joao Pessoa,2020-04-18,15,163,0,17
Nordeste,Recife,2020-04-18,119,1255,9,94
Nordeste,Maceio,2020-04-18,17,107,1,6
Nordeste,Aracaju,2020-04-18,8,52,0,4
Nordeste,Salvador,2020-04-18,117,760,1,19
Sudeste,Belo Horizonte,2020-04-18,14,420,0,8
Sudeste,Vitoria,2020-04-18,35,244,1,9
Sudeste,Rio de Janeiro,2020-04-18,113,3059,18,237
Sudeste,Sao Paulo,2020-04-18,684,9428,43,686
Sul,Apucarana,2020-04-18,3,11,0,0
Sul,Campo Mourao,2020-04-18,1,23,0,4
Sul,Curitiba,2020-04-18,11,346,1,9
Sul,Dois Vizinhos,2020-04-18,1,1,0,0
Sul,Francisco Beltrao,2020-04-18,2,3,0,0
Sul,Guarapuava,2020-04-18,1,2,0,0
Sul,Pato Branco,2020-04-18,1,8,0,1
Sul,Florianopolis,2020-04-18,3,224,0,3
Sul,Porto Alegre,2020-04-18,5,374,0,9
Centro-Oeste,Campo Grande,2020-04-18,14,85,0,2
Centro-Oeste,Cuiaba,2020-04-18,3,91,0,1
Centro-Oeste,Goiania,2020-04-18,38,226,2,10
Centro-Oeste,Brasilia,2020-04-18,40,796,0,24
Norte,Porto Velho,2020-04-19,22,110,0,3
Norte,Rio Branco,2020-04-19,11,123,0,5
Norte,Manaus,2020-04-19,71,1664,21,155
Norte,Boa Vista,2020-04-19,22,222,0,2
Norte,Belem,2020-04-19,21,467,0,22
Norte,Macapa,2020-04-19,13,341,1,9
Nordeste,Sao Luis,2020-04-19,85,1075,3,43
Nordeste,Teresina,2020-04-19,11,122,0,5
Nordeste,Fortaleza,2020-04-19,126,2688,7,148
Nordeste,Natal,2020-04-19,20,279,1,6
Nordeste,Joao Pessoa,2020-04-19,9,172,2,19
Nordeste,Recife,2020-04-19,144,1399,6,100
Nordeste,Maceio,2020-04-19,24,131,3,9
Nordeste,Aracaju,2020-04-19,7,59,0,4
Nordeste,Salvador,2020-04-19,4,764,3,22
Sudeste,Belo Horizonte,2020-04-19,28,448,0,8
Sudeste,Vitoria,2020-04-19,15,259,0,9
Sudeste,Rio de Janeiro,2020-04-19,67,3126,8,245
Sudeste,Sao Paulo,2020-04-19,240,9668,14,700
Sul,Apucarana,2020-04-19,0,11,2,2
Sul,Curitiba,2020-04-19,14,360,0,9
Sul,Guarapuava,2020-04-19,1,3,0,0
Sul,Pato Branco,2020-04-19,5,13,0,1
Sul,Ponta Grossa,2020-04-19,1,7,0,0
Sul,Florianopolis,2020-04-19,8,232,0,3
Centro-Oeste,Campo Grande,2020-04-19,2,87,0,2
Centro-Oeste,Cuiaba,2020-04-19,1,92,0,1
Centro-Oeste,Goiania,2020-04-19,5,231,0,10
Centro-Oeste,Brasilia,2020-04-19,64,860,0,24
Norte,Porto Velho,2020-04-20,25,135,0,3
Norte,Rio Branco,2020-04-20,13,136,2,7
Norte,Manaus,2020-04-20,108,1772,1,156
Norte,Boa Vista,2020-04-20,3,225,0,2
Norte,Belem,2020-04-20,143,610,1,23
Norte,Tucurui,2020-04-20,2,4,0,0
Norte,Macapa,2020-04-20,17,358,2,11
Nordeste,Sao Luis,2020-04-20,57,1132,4,47
Nordeste,Teresina,2020-04-20,14,136,2,7
Nordeste,Fortaleza,2020-04-20,152,2840,16,164
Nordeste,Natal,2020-04-20,4,283,0,6
Nordeste,Joao Pessoa,2020-04-20,13,185,1,20
Nordeste,Recife,2020-04-20,153,1552,7,107
Nordeste,Maceio,2020-04-20,9,140,3,12
Nordeste,Aracaju,2020-04-20,1,60,0,4
Nordeste,Salvador,2020-04-20,60,824,1,23
Sudeste,Belo Horizonte,2020-04-20,12,460,0,8
Sudeste,Vitoria,2020-04-20,6,265,0,9
Sudeste,Rio de Janeiro,2020-04-20,117,3243,12,257
Sudeste,Sao Paulo,2020-04-20,147,9815,15,715
Sul,Apucarana,2020-04-20,1,12,0,2
Sul,Curitiba,2020-04-20,9,369,0,9
Sul,Pato Branco,2020-04-20,1,14,0,1
Sul,Florianopolis,2020-04-20,6,238,0,3
Sul,Porto Alegre,2020-04-20,16,390,1,10
Centro-Oeste,Campo Grande,2020-04-20,2,89,0,2
Centro-Oeste,Cuiaba,2020-04-20,4,96,0,1
Centro-Oeste,Goiania,2020-04-20,0,230,0,10
Centro-Oeste,Brasilia,2020-04-20,15,875,0,24
Norte,Porto Velho,2020-04-21,28,163,0,3
Norte,Rio Branco,2020-04-21,18,154,0,7
Norte,Manaus,2020-04-21,37,1809,7,163
Norte,Boa Vista,2020-04-21,27,252,0,2
Norte,Belem,2020-04-21,64,674,1,24
Norte,Macapa,2020-04-21,28,386,0,11
Nordeste,Sao Luis,2020-04-21,168,1300,4,51
Nordeste,Teresina,2020-04-21,14,150,0,7
Nordeste,Fortaleza,2020-04-21,178,3018,12,176
Nordeste,Natal,2020-04-21,21,304,1,7
Nordeste,Joao Pessoa,2020-04-21,20,205,5,25
Nordeste,Recife,2020-04-21,135,1687,7,114
Nordeste,Maceio,2020-04-21,36,176,1,13
Nordeste,Aracaju,2020-04-21,14,74,1,5
Nordeste,Salvador,2020-04-21,103,927,0,23
Sudeste,Belo Horizonte,2020-04-21,7,467,0,8
Sudeste,Vitoria,2020-04-21,25,290,0,9
Sudeste,Rio de Janeiro,2020-04-21,344,3587,26,283
Sudeste,Sao Paulo,2020-04-21,527,10342,38,753
Sul,Campo Mourao,2020-04-21,1,24,0,4
Sul,Curitiba,2020-04-21,4,373,2,11
Sul,Florianopolis,2020-04-21,2,240,1,4
Sul,Porto Alegre,2020-04-21,3,393,0,10
Centro-Oeste,Campo Grande,2020-04-21,1,90,0,2
Centro-Oeste,Goiania,2020-04-21,10,240,0,10
Centro-Oeste,Brasilia,2020-04-21,38,913,0,24
Norte,Rio Branco,2020-04-22,18,172,0,7
Norte,Manaus,2020-04-22,149,1958,9,172
Norte,Boa Vista,2020-04-22,10,262,0,2
Norte,Belem,2020-04-22,102,776,2,26
Norte,Tucurui,2020-04-22,1,5,0,0
Norte,Macapa,2020-04-22,19,405,1,12
Nordeste,Sao Luis,2020-04-22,117,1417,10,61
Nordeste,Teresina,2020-04-22,6,156,0,7
Nordeste,Fortaleza,2020-04-22,285,3303,13,189
Nordeste,Natal,2020-04-22,31,335,1,8
Nordeste,Joao Pessoa,2020-04-22,25,230,0,25
Nordeste,Recife,2020-04-22,217,1904,10,124
Nordeste,Maceio,2020-04-22,29,205,1,14
Nordeste,Salvador,2020-04-22,112,1039,4,27
Sudeste,Belo Horizonte,2020-04-22,20,487,1,9
Sudeste,Vitoria,2020-04-22,1,291,0,9
Sudeste,Rio de Janeiro,2020-04-22,69,3656,20,303
Sudeste,Sao Paulo,2020-04-22,349,10691,25,778
Sul,Campo Mourao,2020-04-22,2,26,0,4
Sul,Curitiba,2020-04-22,7,380,3,14
Sul,Ponta Grossa,2020-04-22,1,8,0,0
Sul,Florianopolis,2020-04-22,4,244,0,4
Sul,Porto Alegre,2020-04-22,8,401,0,10
Centro-Oeste,Campo Grande,2020-04-22,1,91,0,2
Centro-Oeste,Cuiaba,2020-04-22,6,102,0,1
Centro-Oeste,Goiania,2020-04-22,15,255,0,10
Centro-Oeste,Brasilia,2020-04-22,46,959,1,25
Norte,Porto Velho,2020-04-23,17,180,0,3
Norte,Rio Branco,2020-04-23,13,185,2,9
Norte,Manaus,2020-04-23,328,2286,21,193
Norte,Boa Vista,2020-04-23,6,268,0,2
Norte,Belem,2020-04-23,28,804,7,33
Norte,Macapa,2020-04-23,46,451,2,14
Nordeste,Sao Luis,2020-04-23,150,1567,10,71
Nordeste,Teresina,2020-04-23,23,179,0,7
Nordeste,Fortaleza,2020-04-23,488,3791,23,212
Nordeste,Natal,2020-04-23,24,359,1,9
Nordeste,Joao Pessoa,2020-04-23,24,254,3,28
Nordeste,Recife,2020-04-23,158,2062,14,138
Nordeste,Maceio,2020-04-23,75,280,0,14
Nordeste,Aracaju,2020-04-23,12,86,0,5
Nordeste,Salvador,2020-04-23,98,1137,7,34
Sudeste,Belo Horizonte,2020-04-23,4,491,0,9
Sudeste,Vitoria,2020-04-23,21,312,1,10
Sudeste,Rio de Janeiro,2020-04-23,371,4027,19,322
Sudeste,Sao Paulo,2020-04-23,534,11225,134,912
Sul,Apucarana,2020-04-23,1,13,0,2
Sul,Curitiba,2020-04-23,9,389,0,14
Sul,Ponta Grossa,2020-04-23,3,11,0,0
Sul,Florianopolis,2020-04-23,5,249,0,4
Sul,Porto Alegre,2020-04-23,12,413,0,10
Centro-Oeste,Campo Grande,2020-04-23,5,96,0,2
Centro-Oeste,Cuiaba,2020-04-23,6,108,0,1
Centro-Oeste,Goiania,2020-04-23,2,257,1,11
Centro-Oeste,Brasilia,2020-04-23,9,968,1,26
Norte,Porto Velho,2020-04-24,27,207,0,3
Norte,Rio Branco,2020-04-24,6,191,1,10
Norte,Manaus,2020-04-24,195,2481,14,207
Norte,Boa Vista,2020-04-24,39,307,0,2
Norte,Belem,2020-04-24,177,981,18,51
Norte,Macapa,2020-04-24,62,513,2,16
Nordeste,Sao Luis,2020-04-24,101,1668,10,81
Nordeste,Teresina,2020-04-24,25,204,1,8
Nordeste,Fortaleza,2020-04-24,272,4063,16,228
Nordeste,Natal,2020-04-24,11,370,0,9
Nordeste,Joao Pessoa,2020-04-24,32,286,0,28
Nordeste,Recife,2020-04-24,0,1647,14,152
Nordeste,Maceio,2020-04-24,75,355,4,18
Nordeste,Aracaju,2020-04-24,9,95,0,5
Nordeste,Salvador,2020-04-24,86,1223,3,37
Sudeste,Belo Horizonte,2020-04-24,28,519,2,11
Sudeste,Vitoria,2020-04-24,34,346,0,10
Sudeste,Rio de Janeiro,2020-04-24,64,4091,25,347
Sudeste,Sao Paulo,2020-04-24,575,11800,98,1010
Sul,Apucarana,2020-04-24,1,14,0,2
Sul,Campo Mourao,2020-04-24,1,27,0,4
Sul,Curitiba,2020-04-24,8,397,0,14
Sul,Florianopolis,2020-04-24,2,251,0,4
Sul,Porto Alegre,2020-04-24,7,420,1,11
Centro-Oeste,Campo Grande,2020-04-24,12,108,0,2
Centro-Oeste,Cuiaba,2020-04-24,11,119,0,1
Centro-Oeste,Goiania,2020-04-24,10,267,0,11
Centro-Oeste,Brasilia,2020-04-24,44,1012,0,26
Norte,Porto Velho,2020-04-25,32,239,1,4
Norte,Rio Branco,2020-04-25,24,215,0,10
Norte,Manaus,2020-04-25,197,2678,26,233
Norte,Boa Vista,2020-04-25,49,356,1,3
Norte,Belem,2020-04-25,114,1095,8,59
Norte,Tucurui,2020-04-25,1,6,0,0
Norte,Macapa,2020-04-25,29,542,0,16
Nordeste,Sao Luis,2020-04-25,86,1754,6,87
Nordeste,Teresina,2020-04-25,19,223,0,8
Nordeste,Fortaleza,2020-04-25,478,4541,31,259
Nordeste,Natal,2020-04-25,27,397,0,9
Nordeste,Joao Pessoa,2020-04-25,27,313,0,28
Nordeste,Recife,2020-04-25,129,1776,12,164
Nordeste,Maceio,2020-04-25,72,427,0,18
Nordeste,Aracaju,2020-04-25,4,99,1,6
Nordeste,Salvador,2020-04-25,85,1308,1,38
Sudeste,Belo Horizonte,2020-04-25,9,528,0,11
Sudeste,Vitoria,2020-04-25,10,356,1,11
Sudeste,Rio de Janeiro,2020-04-25,390,4481,20,367
Sudeste,Sao Paulo,2020-04-25,1298,13098,89,1099
Sul,Curitiba,2020-04-25,4,401,0,14
Sul,Florianopolis,2020-04-25,1,252,0,4
Sul,Porto Alegre,2020-04-25,5,425,1,12
Centro-Oeste,Campo Grande,2020-04-25,2,110,0,2
Centro-Oeste,Cuiaba,2020-04-25,5,124,0,1
Centro-Oeste,Goiania,2020-04-25,6,273,0,11
Centro-Oeste,Brasilia,2020-04-25,8,1020,1,27
Norte,Porto Velho,2020-04-26,21,260,2,6
Norte,Rio Branco,2020-04-26,20,235,0,10
Norte,Manaus,2020-04-26,44,2722,13,246
Norte,Boa Vista,2020-04-26,6,362,0,3
Norte,Belem,2020-04-26,148,1243,8,67
Norte,Macapa,2020-04-26,94,636,2,18
Nordeste,Sao Luis,2020-04-26,140,1894,11,98
Nordeste,Teresina,2020-04-26,14,237,0,8
Nordeste,Fortaleza,2020-04-26,450,4991,36,295
Nordeste,Natal,2020-04-26,0,396,1,10
Nordeste,Joao Pessoa,2020-04-26,36,349,0,28
Nordeste,Recife,2020-04-26,946,2722,18,182
Nordeste,Maceio,2020-04-26,45,472,2,20
Nordeste,Aracaju,2020-04-26,16,115,0,6
Nordeste,Salvador,2020-04-26,54,1362,1,39
Sudeste,Belo Horizonte,2020-04-26,16,544,0,11
Sudeste,Vitoria,2020-04-26,26,382,0,11
Sudeste,Rio de Janeiro,2020-04-26,17,4498,15,382
Sudeste,Sao Paulo,2020-04-26,415,13513,15,1114
Sul,Campo Mourao,2020-04-26,2,29,0,4
Sul,Curitiba,2020-04-26,3,404,2,16
Sul,Florianopolis,2020-04-26,6,258,0,4
Sul,Porto Alegre,2020-04-26,2,427,0,12
Centro-Oeste,Campo Grande,2020-04-26,15,125,0,2
Centro-Oeste,Cuiaba,2020-04-26,3,127,0,1
Centro-Oeste,Goiania,2020-04-26,60,333,0,11
Centro-Oeste,Brasilia,2020-04-26,105,1125,0,27
Norte,Porto Velho,2020-04-27,25,285,0,6
Norte,Rio Branco,2020-04-27,21,256,3,13
Norte,Manaus,2020-04-27,16,2738,10,256
Norte,Boa Vista,2020-04-27,21,383,0,3
Norte,Belem,2020-04-27,58,1301,0,67
Norte,Macapa,2020-04-27,20,656,1,19
Nordeste,Sao Luis,2020-04-27,83,1977,18,116
Nordeste,Teresina,2020-04-27,34,271,1,9
Nordeste,Fortaleza,2020-04-27,335,5326,21,316
Nordeste,Natal,2020-04-27,6,402,1,11
Nordeste,Joao Pessoa,2020-04-27,61,410,0,28
Nordeste,Recife,2020-04-27,249,2971,13,195
Nordeste,Maceio,2020-04-27,63,535,2,22
Nordeste,Aracaju,2020-04-27,23,138,1,7
Nordeste,Salvador,2020-04-27,73,1435,9,48
Sudeste,Belo Horizonte,2020-04-27,15,559,0,11
Sudeste,Vitoria,2020-04-27,37,419,1,12
Sudeste,Rio de Janeiro,2020-04-27,763,5261,23,405
Sudeste,Sao Paulo,2020-04-27,476,13989,58,1172
Sul,Apucarana,2020-04-27,1,15,0,2
Sul,Campo Mourao,2020-04-27,3,32,0,4
Sul,Curitiba,2020-04-27,10,414,0,16
Sul,Ponta Grossa,2020-04-27,1,12,0,0
Sul,Florianopolis,2020-04-27,5,263,1,5
Sul,Porto Alegre,2020-04-27,3,430,2,14
Centro-Oeste,Campo Grande,2020-04-27,1,126,0,2
Centro-Oeste,Cuiaba,2020-04-27,0,126,0,1
Centro-Oeste,Goiania,2020-04-27,31,364,1,12
Centro-Oeste,Brasilia,2020-04-27,64,1189,1,28
Norte,Porto Velho,2020-04-28,16,301,1,7
Norte,Rio Branco,2020-04-28,16,272,2,15
Norte,Manaus,2020-04-28,161,2899,18,274
Norte,Belem,2020-04-28,43,1344,5,72
Norte,Macapa,2020-04-28,52,708,2,21
Nordeste,Sao Luis,2020-04-28,172,2149,20,136
Nordeste,Teresina,2020-04-28,13,284,2,11
Nordeste,Fortaleza,2020-04-28,155,5481,13,329
Nordeste,Natal,2020-04-28,117,519,1,12
Nordeste,Joao Pessoa,2020-04-28,26,436,1,29
Nordeste,Recife,2020-04-28,187,3158,24,219
Nordeste,Maceio,2020-04-28,110,645,2,24
Nordeste,Aracaju,2020-04-28,51,189,0,7
Nordeste,Salvador,2020-04-28,148,1583,8,56
Sudeste,Belo Horizonte,2020-04-28,10,569,3,14
Sudeste,Vitoria,2020-04-28,33,452,1,13
Sudeste,Rio de Janeiro,2020-04-28,293,5554,51,456
Sudeste,Sao Paulo,2020-04-28,1408,15397,149,1321
Sul,Campo Mourao,2020-04-28,3,35,0,4
Sul,Curitiba,2020-04-28,12,426,1,17
Sul,Francisco Beltrao,2020-04-28,2,5,0,0
Sul,Guarapuava,2020-04-28,3,6,0,0
Sul,Florianopolis,2020-04-28,71,334,0,5
Sul,Porto Alegre,2020-04-28,11,441,0,14
Centro-Oeste,Campo Grande,2020-04-28,2,128,0,2
Centro-Oeste,Cuiaba,2020-04-28,1,127,0,1
Centro-Oeste,Goiania,2020-04-28,28,392,0,12
Centro-Oeste,Brasilia,2020-04-28,41,1230,0,28
Norte,Porto Velho,2020-04-29,12,313,3,10
Norte,Rio Branco,2020-04-29,28,300,2,17
Norte,Manaus,2020-04-29,192,3091,14,288
Norte,Boa Vista,2020-04-29,1,384,0,3
Norte,Belem,2020-04-29,143,1487,17,89
Norte,Tucurui,2020-04-29,3,9,0,0
Norte,Macapa,2020-04-29,81,789,3,24
Nordeste,Sao Luis,2020-04-29,283,2432,13,149
Nordeste,Teresina,2020-04-29,37,321,0,11
Nordeste,Fortaleza,2020-04-29,231,5712,20,349
Nordeste,Natal,2020-04-29,48,567,0,12
Nordeste,Joao Pessoa,2020-04-29,63,499,3,32
Nordeste,Recife,2020-04-29,265,3423,17,236
Nordeste,Maceio,2020-04-29,146,791,2,26
Nordeste,Salvador,2020-04-29,62,1645,6,62
Sudeste,Belo Horizonte,2020-04-29,8,577,2,16
Sudeste,Vitoria,2020-04-29,74,526,2,15
Sudeste,Rio de Janeiro,2020-04-29,135,5689,40,496
Sudeste,Sao Paulo,2020-04-29,1241,16638,118,1439
Sul,Campo Mourao,2020-04-29,3,38,0,4
Sul,Curitiba,2020-04-29,8,434,0,17
Sul,Guarapuava,2020-04-29,3,9,0,0
Sul,Medianeira,2020-04-29,2,6,0,0
Sul,Ponta Grossa,2020-04-29,1,13,0,0
Sul,Toledo,2020-04-29,1,2,0,0
Sul,Florianopolis,2020-04-29,2,336,0,5
Sul,Porto Alegre,2020-04-29,6,447,0,14
Centro-Oeste,Cuiaba,2020-04-29,2,129,0,1
Centro-Oeste,Goiania,2020-04-29,12,404,0,12
Centro-Oeste,Brasilia,2020-04-29,83,1313,0,28
Norte,Porto Velho,2020-04-30,51,364,0,10
Norte,Rio Branco,2020-04-30,44,344,1,18
Norte,Manaus,2020-04-30,182,3273,24,312
Norte,Boa Vista,2020-04-30,78,462,3,6
Norte,Belem,2020-04-30,171,1658,50,139
Norte,Tucurui,2020-04-30,2,11,0,0
Norte,Macapa,2020-04-30,38,827,2,26
Nordeste,Sao Luis,2020-04-30,239,2671,16,165
Nordeste,Teresina,2020-04-30,62,383,0,11
Nordeste,Fortaleza,2020-04-30,258,5970,32,381
Nordeste,Natal,2020-04-30,64,631,0,12
Nordeste,Joao Pessoa,2020-04-30,64,563,1,33
Nordeste,Recife,2020-04-30,357,3780,14,250
Nordeste,Maceio,2020-04-30,62,853,6,32
Nordeste,Aracaju,2020-04-30,108,297,0,7
Nordeste,Salvador,2020-04-30,145,1790,5,67
Sudeste,Belo Horizonte,2020-04-30,16,593,1,17
Sudeste,Vitoria,2020-04-30,28,554,1,16
Sudeste,Rio de Janeiro,2020-04-30,214,5903,39,535
Sudeste,Sao Paulo,2020-04-30,1511,18149,83,1522
Sul,Apucarana,2020-04-30,1,16,0,2
Sul,Campo Mourao,2020-04-30,2,40,0,4
Sul,Curitiba,2020-04-30,10,444,3,20
Sul,Guarapuava,2020-04-30,2,11,0,0
Sul,Ponta Grossa,2020-04-30,1,14,0,0
Sul,Florianopolis,2020-04-30,78,414,0,5
Sul,Porto Alegre,2020-04-30,4,451,1,15
Centro-Oeste,Cuiaba,2020-04-30,5,134,0,1
Centro-Oeste,Goiania,2020-04-30,49,453,0,12
Centro-Oeste,Brasilia,2020-04-30,110,1423,2,30
Norte,Porto Velho,2020-05-01,57,421,3,13
Norte,Rio Branco,2020-05-01,64,408,0,18
Norte,Manaus,2020-05-01,218,3491,45,357
Norte,Belem,2020-05-01,134,1792,17,156
Norte,Macapa,2020-05-01,30,857,1,27
Nordeste,Sao Luis,2020-05-01,137,2808,13,178
Nordeste,Teresina,2020-05-01,37,420,2,13
Nordeste,Fortaleza,2020-05-01,112,6082,32,413
Nordeste,Natal,2020-05-01,36,667,0,12
Nordeste,Joao Pessoa,2020-05-01,51,614,3,36
Nordeste,Recife,2020-05-01,241,4021,7,257
Nordeste,Maceio,2020-05-01,155,1008,6,38
Nordeste,Aracaju,2020-05-01,42,339,0,7
Nordeste,Salvador,2020-05-01,211,2001,9,76
Sudeste,Belo Horizonte,2020-05-01,17,610,3,20
Sudeste,Vitoria,2020-05-01,34,588,2,18
Sudeste,Rio de Janeiro,2020-05-01,286,6189,39,574
Sudeste,Sao Paulo,2020-05-01,938,19087,85,1607
Sul,Campo Mourao,2020-05-01,1,41,0,4
Sul,Curitiba,2020-05-01,9,453,3,23
Sul,Ponta Grossa,2020-05-01,2,16,0,0
Sul,Florianopolis,2020-05-01,0,320,0,5
Sul,Porto Alegre,2020-05-01,4,455,0,15
Centro-Oeste,Campo Grande,2020-05-01,6,134,0,2
Centro-Oeste,Cuiaba,2020-05-01,4,138,0,1
Centro-Oeste,Goiania,2020-05-01,4,457,0,12
Centro-Oeste,Brasilia,2020-05-01,123,1546,1,31
Norte,Porto Velho,2020-05-02,52,473,3,16
Norte,Rio Branco,2020-05-02,66,474,2,20
Norte,Manaus,2020-05-02,167,3658,11,368
Norte,Belem,2020-05-02,188,1980,22,178
Norte,Tucurui,2020-05-02,3,14,1,1
Norte,Macapa,2020-05-02,35,892,2,29
Nordeste,Sao Luis,2020-05-02,91,2899,8,186
Nordeste,Teresina,2020-05-02,38,458,1,14
Nordeste,Fortaleza,2020-05-02,271,6353,85,498
Nordeste,Natal,2020-05-02,10,677,0,12
Nordeste,Joao Pessoa,2020-05-02,87,701,1,37
Nordeste,Recife,2020-05-02,432,4453,10,267
Nordeste,Maceio,2020-05-02,116,1124,3,41
Nordeste,Aracaju,2020-05-02,47,386,0,7
Nordeste,Salvador,2020-05-02,105,2106,2,78
Sudeste,Belo Horizonte,2020-05-02,16,626,0,20
Sudeste,Vitoria,2020-05-02,33,621,0,18
Sudeste,Rio de Janeiro,2020-05-02,259,6448,29,603
Sudeste,Sao Paulo,2020-05-02,407,19494,54,1661
Sul,Apucarana,2020-05-02,1,17,0,2
Sul,Campo Mourao,2020-05-02,1,42,0,4
Sul,Curitiba,2020-05-02,14,467,0,23
Sul,Francisco Beltrao,2020-05-02,4,9,0,0
Sul,Guarapuava,2020-05-02,4,15,0,0
Sul,Ponta Grossa,2020-05-02,1,17,0,0
Sul,Florianopolis,2020-05-02,6,326,0,5
Sul,Porto Alegre,2020-05-02,0,454,1,16
Centro-Oeste,Campo Grande,2020-05-02,3,137,0,2
Centro-Oeste,Cuiaba,2020-05-02,3,141,1,2
Centro-Oeste,Goiania,2020-05-02,10,467,0,12
Centro-Oeste,Brasilia,2020-05-02,59,1605,1,32
Norte,Porto Velho,2020-05-03,35,508,0,16
Norte,Rio Branco,2020-05-03,93,567,2,22
Norte,Manaus,2020-05-03,414,4072,28,396
Norte,Boa Vista,2020-05-03,13,475,0,6
Norte,Belem,2020-05-03,42,2022,2,180
Norte,Macapa,2020-05-03,207,1099,1,30
Nordeste,Sao Luis,2020-05-03,64,2963,11,197
Nordeste,Teresina,2020-05-03,27,485,0,14
Nordeste,Fortaleza,2020-05-03,64,6417,30,528
Nordeste,Natal,2020-05-03,9,686,1,13
Nordeste,Joao Pessoa,2020-05-03,10,711,2,39
Nordeste,Recife,2020-05-03,249,4702,6,273
Nordeste,Maceio,2020-05-03,55,1179,2,43
Nordeste,Aracaju,2020-05-03,81,467,0,7
Nordeste,Salvador,2020-05-03,147,2253,2,80
Sudeste,Belo Horizonte,2020-05-03,20,646,0,20
Sudeste,Vitoria,2020-05-03,7,628,2,20
Sudeste,Rio de Janeiro,2020-05-03,302,6750,28,631
Sudeste,Sao Paulo,2020-05-03,328,19822,12,1673
Sul,Curitiba,2020-05-03,3,470,0,23
Sul,Medianeira,2020-05-03,2,8,0,0
Sul,Ponta Grossa,2020-05-03,1,18,0,0
Sul,Florianopolis,2020-05-03,21,347,0,5
Sul,Porto Alegre,2020-05-03,6,460,0,16
Centro-Oeste,Campo Grande,2020-05-03,3,140,1,3
Centro-Oeste,Cuiaba,2020-05-03,3,144,0,2
Centro-Oeste,Goiania,2020-05-03,20,487,0,12
Centro-Oeste,Brasilia,2020-05-03,115,1720,1,33
Norte,Porto Velho,2020-05-04,38,546,1,17
Norte,Rio Branco,2020-05-04,68,635,2,24
Norte,Manaus,2020-05-04,272,4344,22,418
Norte,Boa Vista,2020-05-04,38,513,4,10
Norte,Belem,2020-05-04,170,2192,6,186
Norte,Tucurui,2020-05-04,0,14,2,3
Norte,Macapa,2020-05-04,164,1263,4,34
Nordeste,Sao Luis,2020-05-04,125,3088,16,213
Nordeste,Teresina,2020-05-04,55,540,0,14
Nordeste,Fortaleza,2020-05-04,1781,8198,25,553
Nordeste,Natal,2020-05-04,24,710,3,16
Nordeste,Joao Pessoa,2020-05-04,91,802,1,40
Nordeste,Recife,2020-05-04,105,4807,22,295
Nordeste,Maceio,2020-05-04,81,1260,3,46
Nordeste,Aracaju,2020-05-04,36,503,1,8
Nordeste,Salvador,2020-05-04,124,2377,11,91
Sudeste,Belo Horizonte,2020-05-04,199,845,0,20
Sudeste,Vitoria,2020-05-04,24,652,3,23
Sudeste,Rio de Janeiro,2020-05-04,533,7283,39,670
Sudeste,Sao Paulo,2020-05-04,251,20073,10,1683
Sul,Curitiba,2020-05-04,15,485,0,23
Sul,Guarapuava,2020-05-04,1,16,0,0
Sul,Ponta Grossa,2020-05-04,1,19,0,0
Sul,Florianopolis,2020-05-04,6,353,1,6
Sul,Porto Alegre,2020-05-04,4,464,0,16
Centro-Oeste,Cuiaba,2020-05-04,1,145,0,2
Centro-Oeste,Goiania,2020-05-04,9,496,0,12
Centro-Oeste,Brasilia,2020-05-04,73,1793,0,33
Norte,Porto Velho,2020-05-05,96,642,3,20
Norte,Rio Branco,2020-05-05,61,696,1,25
Norte,Manaus,2020-05-05,460,4804,41,459
Norte,Boa Vista,2020-05-05,201,714,0,10
Norte,Belem,2020-05-05,241,2433,14,200
Norte,Macapa,2020-05-05,125,1388,3,37
Nordeste,Sao Luis,2020-05-05,280,3368,14,227
Nordeste,Teresina,2020-05-05,40,580,0,14
Nordeste,Fortaleza,2020-05-05,311,8509,55,608
Nordeste,Natal,2020-05-05,57,767,0,15
Nordeste,Joao Pessoa,2020-05-05,63,865,4,44
Nordeste,Maceio,2020-05-05,36,1296,4,50
Nordeste,Aracaju,2020-05-05,96,599,0,8
Nordeste,Salvador,2020-05-05,229,2606,4,95
Sudeste,Belo Horizonte,2020-05-05,6,851,2,22
Sudeste,Vitoria,2020-05-05,47,699,1,24
Sudeste,Rio de Janeiro,2020-05-05,549,7832,43,713
Sudeste,Sao Paulo,2020-05-05,1067,21140,118,1801
Sul,Apucarana,2020-05-05,1,18,0,2
Sul,Curitiba,2020-05-05,6,491,3,26
Sul,Florianopolis,2020-05-05,16,369,0,6
Sul,Porto Alegre,2020-05-05,3,467,1,17
Centro-Oeste,Campo Grande,2020-05-05,2,142,0,3
Centro-Oeste,Cuiaba,2020-05-05,3,148,0,2
Centro-Oeste,Goiania,2020-05-05,49,545,2,14
Centro-Oeste,Brasilia,2020-05-05,44,1837,1,34
Norte,Porto Velho,2020-05-06,68,710,4,24
Norte,Rio Branco,2020-05-06,112,808,6,31
Norte,Manaus,2020-05-06,670,5474,73,532
Norte,Boa Vista,2020-05-06,57,771,2,12
Norte,Belem,2020-05-06,465,2898,16,216
Norte,Macapa,2020-05-06,63,1451,0,37
Nordeste,Sao Luis,2020-05-06,163,3531,11,238
Nordeste,Teresina,2020-05-06,73,653,3,17
Nordeste,Fortaleza,2020-05-06,552,9061,43,651
Nordeste,Natal,2020-05-06,35,802,1,16
Nordeste,Joao Pessoa,2020-05-06,42,907,3,47
Nordeste,Maceio,2020-05-06,62,1358,6,56
Nordeste,Aracaju,2020-05-06,71,670,2,10
Nordeste,Salvador,2020-05-06,148,2754,3,98
Sudeste,Belo Horizonte,2020-05-06,6,857,1,23
Sudeste,Vitoria,2020-05-06,27,726,3,27
Sudeste,Rio de Janeiro,2020-05-06,745,8577,51,764
Sudeste,Sao Paulo,2020-05-06,2047,23187,109,1910
Sul,Curitiba,2020-05-06,9,500,0,26
Sul,Florianopolis,2020-05-06,6,375,0,6
Sul,Porto Alegre,2020-05-06,10,477,0,17
Centro-Oeste,Campo Grande,2020-05-06,1,143,0,3
Centro-Oeste,Cuiaba,2020-05-06,7,155,0,2
Centro-Oeste,Brasilia,2020-05-06,209,2046,1,35
Norte,Porto Velho,2020-05-07,119,829,3,27
Norte,Rio Branco,2020-05-07,67,875,0,31
Norte,Manaus,2020-05-07,423,5897,31,563
Norte,Boa Vista,2020-05-07,69,840,1,13
Norte,Belem,2020-05-07,176,3074,51,267
Norte,Tucurui,2020-05-07,3,17,0,3
Norte,Macapa,2020-05-07,108,1559,1,38
Nordeste,Sao Luis,2020-05-07,214,3745,17,255
Nordeste,Teresina,2020-05-07,44,697,1,18
Nordeste,Fortaleza,2020-05-07,608,9669,43,694
Nordeste,Joao Pessoa,2020-05-07,75,982,4,51
Nordeste,Recife,2020-05-07,968,5775,59,354
Nordeste,Maceio,2020-05-07,115,1473,5,61
Nordeste,Aracaju,2020-05-07,162,832,0,10
Nordeste,Salvador,2020-05-07,130,2884,3,101
Sudeste,Belo Horizonte,2020-05-07,58,915,2,25
Sudeste,Vitoria,2020-05-07,55,781,3,30
Sudeste,Rio de Janeiro,2020-05-07,474,9051,155,919
Sudeste,Sao Paulo,2020-05-07,1086,24273,76,1986
Sul,Apucarana,2020-05-07,4,22,0,2
Sul,Curitiba,2020-05-07,6,506,1,27
Sul,Guarapuava,2020-05-07,0,15,0,0
Sul,Ponta Grossa,2020-05-07,2,21,0,0
Sul,Florianopolis,2020-05-07,0,371,0,6
Sul,Porto Alegre,2020-05-07,2,479,0,17
Centro-Oeste,Campo Grande,2020-05-07,6,149,0,3
Centro-Oeste,Cuiaba,2020-05-07,7,162,0,2
Centro-Oeste,Goiania,2020-05-07,2,547,7,21
Centro-Oeste,Brasilia,2020-05-07,212,2258,0,35
Norte,Porto Velho,2020-05-08,103,932,2,29
Norte,Rio Branco,2020-05-08,119,994,2,33
Norte,Manaus,2020-05-08,137,6034,41,604
Norte,Boa Vista,2020-05-08,77,917,2,15
Norte,Belem,2020-05-08,208,3282,30,297
Norte,Tucurui,2020-05-08,6,23,3,6
Norte,Macapa,2020-05-08,57,1616,4,42
Nordeste,Sao Luis,2020-05-08,263,4008,16,271
Nordeste,Teresina,2020-05-08,36,733,1,19
Nordeste,Fortaleza,2020-05-08,807,10476,67,761
Nordeste,Natal,2020-05-08,70,872,3,19
Nordeste,Joao Pessoa,2020-05-08,80,1062,1,52
Nordeste,Maceio,2020-05-08,108,1581,10,71
Nordeste,Aracaju,2020-05-08,178,1010,1,11
Nordeste,Salvador,2020-05-08,252,3136,17,118
Sudeste,Belo Horizonte,2020-05-08,11,926,0,25
Sudeste,Vitoria,2020-05-08,34,815,1,31
Sudeste,Rio de Janeiro,2020-05-08,621,9672,83,1002
Sudeste,Sao Paulo,2020-05-08,1094,25367,124,2110
Sul,Curitiba,2020-05-08,8,514,1,28
Sul,Pato Branco,2020-05-08,1,15,0,1
Sul,Florianopolis,2020-05-08,2,373,0,6
Sul,Porto Alegre,2020-05-08,19,498,0,17
Centro-Oeste,Campo Grande,2020-05-08,2,151,1,4
Centro-Oeste,Cuiaba,2020-05-08,9,171,0,2
Centro-Oeste,Goiania,2020-05-08,3,550,2,23
Centro-Oeste,Brasilia,2020-05-08,184,2442,2,37
Norte,Porto Velho,2020-05-09,36,968,2,31
Norte,Rio Branco,2020-05-09,130,1124,2,35
Norte,Manaus,2020-05-09,709,6743,56,660
Norte,Boa Vista,2020-05-09,53,970,2,17
Norte,Belem,2020-05-09,159,3441,20,317
Norte,Macapa,2020-05-09,91,1707,1,43
Nordeste,Sao Luis,2020-05-09,266,4274,18,289
Nordeste,Teresina,2020-05-09,22,755,3,22
Nordeste,Fortaleza,2020-05-09,519,10995,48,809
Nordeste,Joao Pessoa,2020-05-09,52,1114,2,54
Nordeste,Recife,2020-05-09,806,6581,31,385
Nordeste,Maceio,2020-05-09,94,1675,2,73
Nordeste,Aracaju,2020-05-09,102,1112,2,13
Nordeste,Salvador,2020-05-09,213,3349,9,127
Sudeste,Belo Horizonte,2020-05-09,34,960,1,26
Sudeste,Vitoria,2020-05-09,20,835,1,32
Sudeste,Rio de Janeiro,2020-05-09,807,10479,90,1092
Sudeste,Sao Paulo,2020-05-09,1420,26787,113,2223
Sul,Apucarana,2020-05-09,3,25,0,2
Sul,Campo Mourao,2020-05-09,1,43,0,4
Sul,Curitiba,2020-05-09,27,541,1,29
Sul,Pato Branco,2020-05-09,1,16,0,1
Sul,Ponta Grossa,2020-05-09,2,23,0,0
Sul,Florianopolis,2020-05-09,14,387,0,6
Sul,Porto Alegre,2020-05-09,9,507,0,17
Centro-Oeste,Campo Grande,2020-05-09,1,152,0,4
Centro-Oeste,Cuiaba,2020-05-09,12,183,0,2
Centro-Oeste,Brasilia,2020-05-09,134,2576,2,39
Norte,Porto Velho,2020-05-10,23,991,2,33
Norte,Rio Branco,2020-05-10,68,1192,1,36
Norte,Manaus,2020-05-10,455,7198,20,680
Norte,Boa Vista,2020-05-10,79,1049,3,20
Norte,Belem,2020-05-10,71,3512,30,347
Norte,Macapa,2020-05-10,83,1790,0,43
Nordeste,Sao Luis,2020-05-10,342,4616,14,303
Nordeste,Teresina,2020-05-10,31,786,0,22
Nordeste,Fortaleza,2020-05-10,561,11556,31,840
Nordeste,Natal,2020-05-10,1,873,0,19
Nordeste,Joao Pessoa,2020-05-10,65,1179,4,58
Nordeste,Recife,2020-05-10,403,6984,30,415
Nordeste,Maceio,2020-05-10,50,1725,5,78
Nordeste,Aracaju,2020-05-10,125,1237,0,13
Nordeste,Salvador,2020-05-10,328,3677,1,128
Sudeste,Belo Horizonte,2020-05-10,13,973,0,26
Sudeste,Vitoria,2020-05-10,25,860,1,33
Sudeste,Rio de Janeiro,2020-05-10,41,10520,34,1126
Sudeste,Sao Paulo,2020-05-10,520,27307,43,2266
Sul,Campo Mourao,2020-05-10,1,44,0,4
Sul,Curitiba,2020-05-10,12,553,0,29
Sul,Medianeira,2020-05-10,1,9,0,0
Sul,Ponta Grossa,2020-05-10,1,24,0,0
Sul,Florianopolis,2020-05-10,0,386,0,6
Sul,Porto Alegre,2020-05-10,1,508,0,17
Centro-Oeste,Campo Grande,2020-05-10,1,153,0,4
Centro-Oeste,Cuiaba,2020-05-10,2,185,0,2
Centro-Oeste,Brasilia,2020-05-10,106,2682,3,42
Norte,Porto Velho,2020-05-11,86,1077,2,35
Norte,Rio Branco,2020-05-11,0,1192,3,39
Norte,Manaus,2020-05-11,66,7264,11,691
Norte,Boa Vista,2020-05-11,5,1054,1,21
Norte,Belem,2020-05-11,233,3745,80,427
Norte,Macapa,2020-05-11,42,1832,1,44
Nordeste,Sao Luis,2020-05-11,164,4780,21,324
Nordeste,Teresina,2020-05-11,61,847,1,23
Nordeste,Fortaleza,2020-05-11,379,11935,53,893
Nordeste,Natal,2020-05-11,35,908,3,22
Nordeste,Joao Pessoa,2020-05-11,51,1230,1,59
Nordeste,Recife,2020-05-11,240,7224,10,425
Nordeste,Maceio,2020-05-11,54,1779,7,85
Nordeste,Aracaju,2020-05-11,15,1252,0,13
Nordeste,Salvador,2020-05-11,214,3891,10,138
Sudeste,Belo Horizonte,2020-05-11,6,979,0,26
Sudeste,Vitoria,2020-05-11,42,902,6,39
Sudeste,Rio de Janeiro,2020-05-11,99,10619,46,1172
Sudeste,Sao Paulo,2020-05-11,464,27771,15,2281
Sul,Curitiba,2020-05-11,1,554,0,29
Sul,Guarapuava,2020-05-11,1,16,0,0
Sul,Ponta Grossa,2020-05-11,1,25,0,0
Sul,Florianopolis,2020-05-11,6,392,0,6
Sul,Porto Alegre,2020-05-11,21,529,1,18
Centro-Oeste,Campo Grande,2020-05-11,2,155,0,4
Centro-Oeste,Cuiaba,2020-05-11,7,192,0,2
Centro-Oeste,Goiania,2020-05-11,28,578,0,23
Centro-Oeste,Brasilia,2020-05-11,117,2799,2,44
Norte,Porto Velho,2020-05-12,32,1109,1,36
Norte,Rio Branco,2020-05-12,71,1263,7,46
Norte,Manaus,2020-05-12,613,7877,35,726
Norte,Boa Vista,2020-05-12,117,1171,5,26
Norte,Belem,2020-05-12,393,4138,62,489
Norte,Macapa,2020-05-12,134,1966,9,53
Nordeste,Sao Luis,2020-05-12,137,4917,8,332
Nordeste,Teresina,2020-05-12,90,937,3,26
Nordeste,Fortaleza,2020-05-12,549,12484,57,950
Nordeste,Natal,2020-05-12,117,1025,0,22
Nordeste,Joao Pessoa,2020-05-12,86,1316,3,62
Nordeste,Recife,2020-05-12,253,7477,25,450
Nordeste,Maceio,2020-05-12,160,1939,8,93
Nordeste,Aracaju,2020-05-12,161,1413,0,13
Nordeste,Salvador,2020-05-12,229,4120,7,145
Sudeste,Belo Horizonte,2020-05-12,13,992,0,26
Sudeste,Vitoria,2020-05-12,42,944,5,44
Sudeste,Rio de Janeiro,2020-05-12,197,10816,107,1279
Sudeste,Sao Paulo,2020-05-12,911,28682,124,2405
Sul,Apucarana,2020-05-12,2,27,0,2
Sul,Curitiba,2020-05-12,3,557,0,29
Sul,Medianeira,2020-05-12,2,11,0,0
Sul,Pato Branco,2020-05-12,2,18,0,1
Sul,Ponta Grossa,2020-05-12,1,26,0,0
Sul,Florianopolis,2020-05-12,6,398,0,6
Sul,Porto Alegre,2020-05-12,17,546,1,19
Centro-Oeste,Campo Grande,2020-05-12,4,159,0,4
Centro-Oeste,Cuiaba,2020-05-12,19,211,0,2
Centro-Oeste,Goiania,2020-05-12,7,585,1,24
Centro-Oeste,Brasilia,2020-05-12,180,2979,2,46
Norte,Porto Velho,2020-05-13,129,1238,0,36
Norte,Rio Branco,2020-05-13,44,1307,0,46
Norte,Manaus,2020-05-13,753,8630,31,757
Norte,Boa Vista,2020-05-13,0,1135,0,25
Norte,Belem,2020-05-13,474,4612,63,552
Norte,Tucurui,2020-05-13,41,64,1,7
Norte,Macapa,2020-05-13,24,1990,4,57
Nordeste,Sao Luis,2020-05-13,123,5040,14,346
Nordeste,Teresina,2020-05-13,96,1033,0,26
Nordeste,Fortaleza,2020-05-13,553,13037,72,1022
Nordeste,Natal,2020-05-13,58,1083,11,33
Nordeste,Joao Pessoa,2020-05-13,52,1368,1,63
Nordeste,Recife,2020-05-13,280,7757,29,479
Nordeste,Maceio,2020-05-13,125,2064,11,104
Nordeste,Aracaju,2020-05-13,151,1564,2,15
Nordeste,Salvador,2020-05-13,242,4362,3,148
Sudeste,Belo Horizonte,2020-05-13,56,1048,2,28
Sudeste,Vitoria,2020-05-13,38,982,3,47
Sudeste,Rio de Janeiro,2020-05-13,210,11026,84,1363
Sudeste,Sao Paulo,2020-05-13,1720,30402,89,2494
Sul,Campo Mourao,2020-05-13,2,46,0,4
Sul,Curitiba,2020-05-13,14,571,1,30
Sul,Medianeira,2020-05-13,4,15,0,0
Sul,Ponta Grossa,2020-05-13,0,25,0,0
Sul,Florianopolis,2020-05-13,9,407,0,6
Sul,Porto Alegre,2020-05-13,18,564,2,21
Centro-Oeste,Campo Grande,2020-05-13,3,162,0,4
Centro-Oeste,Cuiaba,2020-05-13,16,227,0,2
Centro-Oeste,Goiania,2020-05-13,80,665,3,27
Centro-Oeste,Brasilia,2020-05-13,213,3192,2,48
Norte,Porto Velho,2020-05-14,57,1295,4,40
Norte,Rio Branco,2020-05-14,4,1311,3,49
Norte,Manaus,2020-05-14,780,9410,52,809
Norte,Boa Vista,2020-05-14,54,1189,6,31
Norte,Belem,2020-05-14,443,5055,37,589
Norte,Tucurui,2020-05-14,5,69,0,7
Norte,Macapa,2020-05-14,363,2353,5,62
Nordeste,Sao Luis,2020-05-14,335,5375,17,363
Nordeste,Teresina,2020-05-14,56,1089,0,26
Nordeste,Fortaleza,2020-05-14,740,13777,17,1039
Nordeste,Natal,2020-05-14,102,1185,2,35
Nordeste,Joao Pessoa,2020-05-14,83,1451,1,64
Nordeste,Recife,2020-05-14,339,8096,28,507
Nordeste,Maceio,2020-05-14,106,2170,8,112
Nordeste,Aracaju,2020-05-14,153,1717,3,18
Nordeste,Salvador,2020-05-14,270,4632,19,167
Sudeste,Belo Horizonte,2020-05-14,20,1068,0,28
Sudeste,Vitoria,2020-05-14,54,1036,2,49
Sudeste,Rio de Janeiro,2020-05-14,238,11264,146,1509
Sudeste,Sao Paulo,2020-05-14,1471,31873,102,2596
Sul,Curitiba,2020-05-14,11,582,1,31
Sul,Pato Branco,2020-05-14,0,16,0,1
Sul,Ponta Grossa,2020-05-14,2,27,0,0
Sul,Florianopolis,2020-05-14,45,452,0,6
Sul,Porto Alegre,2020-05-14,10,574,0,21
Centro-Oeste,Campo Grande,2020-05-14,5,167,1,5
Centro-Oeste,Cuiaba,2020-05-14,8,235,0,2
Centro-Oeste,Goiania,2020-05-14,93,758,4,31
Centro-Oeste,Brasilia,2020-05-14,224,3416,3,51
Norte,Porto Velho,2020-05-15,80,1375,4,44
Norte,Rio Branco,2020-05-15,6,1317,2,51
Norte,Manaus,2020-05-15,303,9713,79,888
Norte,Boa Vista,2020-05-15,65,1254,2,33
Norte,Belem,2020-05-15,536,5591,34,623
Norte,Tucurui,2020-05-15,10,79,0,7
Norte,Macapa,2020-05-15,160,2513,1,63
Nordeste,Sao Luis,2020-05-15,222,5597,16,379
Nordeste,Teresina,2020-05-15,57,1146,3,29
Nordeste,Fortaleza,2020-05-15,913,14690,98,1137
Nordeste,Joao Pessoa,2020-05-15,27,1478,4,68
Nordeste,Recife,2020-05-15,256,8352,31,538
Nordeste,Maceio,2020-05-15,140,2310,7,119
Nordeste,Aracaju,2020-05-15,145,1862,1,19
Nordeste,Salvador,2020-05-15,211,4843,14,181
Sudeste,Belo Horizonte,2020-05-15,20,1088,1,29
Sudeste,Vitoria,2020-05-15,52,1088,2,51
Sudeste,Rio de Janeiro,2020-05-15,451,11715,122,1631
Sudeste,Sao Paulo,2020-05-15,2119,33992,78,2674
Sul,Cornelio Procopio,2020-05-15,1,2,0,0
Sul,Curitiba,2020-05-15,25,607,1,32
Sul,Florianopolis,2020-05-15,14,466,0,6
Sul,Porto Alegre,2020-05-15,23,597,0,21
Centro-Oeste,Campo Grande,2020-05-15,4,171,0,5
Centro-Oeste,Cuiaba,2020-05-15,17,252,0,2
Centro-Oeste,Goiania,2020-05-15,115,873,0,30
Centro-Oeste,Brasilia,2020-05-15,371,3787,4,55
Norte,Porto Velho,2020-05-16,99,1474,5,49
Norte,Rio Branco,2020-05-16,6,1323,2,53
Norte,Manaus,2020-05-16,584,10297,32,920
Norte,Boa Vista,2020-05-16,82,1336,8,41
Norte,Belem,2020-05-16,252,5843,29,652
Norte,Tucurui,2020-05-16,1,80,0,7
Norte,Macapa,2020-05-16,126,2639,3,66
Nordeste,Sao Luis,2020-05-16,233,5830,15,394
Nordeste,Teresina,2020-05-16,99,1245,5,34
Nordeste,Fortaleza,2020-05-16,472,15162,26,1163
Nordeste,Natal,2020-05-16,103,1288,1,36
Nordeste,Joao Pessoa,2020-05-16,62,1540,4,72
Nordeste,Recife,2020-05-16,1061,9413,35,573
Nordeste,Maceio,2020-05-16,214,2524,12,131
Nordeste,Aracaju,2020-05-16,170,2032,1,20
Nordeste,Salvador,2020-05-16,437,5280,3,184
Sudeste,Belo Horizonte,2020-05-16,62,1150,0,29
Sudeste,Vitoria,2020-05-16,121,1209,4,55
Sudeste,Rio de Janeiro,2020-05-16,580,12295,120,1751
Sudeste,Sao Paulo,2020-05-16,1437,35429,118,2792
Sul,Apucarana,2020-05-16,1,28,0,2
Sul,Campo Mourao,2020-05-16,1,47,0,4
Sul,Cornelio Procopio,2020-05-16,1,3,0,0
Sul,Curitiba,2020-05-16,22,629,1,33
Sul,Medianeira,2020-05-16,1,16,0,0
Sul,Ponta Grossa,2020-05-16,4,31,0,0
Sul,Toledo,2020-05-16,1,3,0,0
Sul,Florianopolis,2020-05-16,7,473,0,6
Centro-Oeste,Campo Grande,2020-05-16,1,172,0,5
Centro-Oeste,Cuiaba,2020-05-16,13,265,0,2
Centro-Oeste,Goiania,2020-05-16,17,890,0,30
Centro-Oeste,Brasilia,2020-05-16,353,4140,1,56
Norte,Porto Velho,2020-05-17,35,1509,2,51
Norte,Rio Branco,2020-05-17,114,1437,3,56
Norte,Manaus,2020-05-17,110,10407,29,949
Norte,Boa Vista,2020-05-17,48,1384,1,42
Norte,Belem,2020-05-17,335,6178,8,660
Norte,Tucurui,2020-05-17,4,84,10,17
Norte,Macapa,2020-05-17,35,2674,6,72
Nordeste,Sao Luis,2020-05-17,165,5995,8,402
Nordeste,Teresina,2020-05-17,15,1260,5,39
Nordeste,Fortaleza,2020-05-17,209,15371,11,1174
Nordeste,Natal,2020-05-17,72,1360,0,36
Nordeste,Joao Pessoa,2020-05-17,157,1697,3,75
Nordeste,Recife,2020-05-17,359,9772,23,596
Nordeste,Maceio,2020-05-17,69,2593,4,135
Nordeste,Aracaju,2020-05-17,76,2108,3,23
Nordeste,Salvador,2020-05-17,50,5330,5,189
Sudeste,Belo Horizonte,2020-05-17,10,1160,2,31
Sudeste,Vitoria,2020-05-17,40,1249,1,56
Sudeste,Rio de Janeiro,2020-05-17,626,12921,90,1841
Sudeste,Sao Paulo,2020-05-17,502,35931,43,2835
Sul,Campo Mourao,2020-05-17,1,48,0,4
Sul,Curitiba,2020-05-17,10,639,0,33
Sul,Medianeira,2020-05-17,1,17,0,0
Sul,Ponta Grossa,2020-05-17,1,32,0,0
Sul,Porto Alegre,2020-05-17,5,602,0,21
Centro-Oeste,Campo Grande,2020-05-17,2,174,0,5
Centro-Oeste,Cuiaba,2020-05-17,9,274,0,2
Centro-Oeste,Goiania,2020-05-17,31,921,0,30
Centro-Oeste,Brasilia,2020-05-17,228,4368,3,59
Norte,Porto Velho,2020-05-18,71,1580,4,55
Norte,Rio Branco,2020-05-18,207,1644,5,61
Norte,Manaus,2020-05-18,253,10660,2,951
Norte,Boa Vista,2020-05-18,77,1461,8,50
Norte,Belem,2020-05-18,429,6607,51,711
Norte,Tucurui,2020-05-18,30,114,5,22
Norte,Macapa,2020-05-18,18,2692,3,75
Nordeste,Sao Luis,2020-05-18,253,6248,12,414
Nordeste,Teresina,2020-05-18,67,1327,1,40
Nordeste,Fortaleza,2020-05-18,798,16169,79,1253
Nordeste,Natal,2020-05-18,91,1451,7,43
Nordeste,Joao Pessoa,2020-05-18,102,1799,3,78
Nordeste,Recife,2020-05-18,275,10047,49,645
Nordeste,Maceio,2020-05-18,153,2746,9,144
Nordeste,Aracaju,2020-05-18,137,2245,1,24
Nordeste,Salvador,2020-05-18,9,5339,13,202
Sudeste,Belo Horizonte,2020-05-18,29,1189,0,31
Sudeste,Vitoria,2020-05-18,102,1351,2,58
Sudeste,Rio de Janeiro,2020-05-18,522,13443,119,1960
Sudeste,Sao Paulo,2020-05-18,257,36188,21,2856
Sul,Cornelio Procopio,2020-05-18,4,7,0,0
Sul,Curitiba,2020-05-18,3,642,1,34
Sul,Ponta Grossa,2020-05-18,1,33,0,0
Sul,Toledo,2020-05-18,4,7,0,0
Sul,Florianopolis,2020-05-18,22,495,0,6
Sul,Porto Alegre,2020-05-18,1,603,3,24
Centro-Oeste,Campo Grande,2020-05-18,7,181,0,5
Centro-Oeste,Cuiaba,2020-05-18,19,293,3,5
Centro-Oeste,Goiania,2020-05-18,14,935,0,30
Centro-Oeste,Brasilia,2020-05-18,251,4619,7,66
Norte,Porto Velho,2020-05-19,305,1885,2,57
Norte,Rio Branco,2020-05-19,157,1801,3,64
Norte,Manaus,2020-05-19,391,11051,48,999
Norte,Boa Vista,2020-05-19,72,1533,4,54
Norte,Macapa,2020-05-19,198,2890,3,78
Nordeste,Sao Luis,2020-05-19,231,6479,20,434
Nordeste,Teresina,2020-05-19,58,1385,2,42
Nordeste,Fortaleza,2020-05-19,615,16784,54,1307
Nordeste,Natal,2020-05-19,132,1583,3,46
Nordeste,Joao Pessoa,2020-05-19,90,1889,3,81
Nordeste,Recife,2020-05-19,514,10561,37,682
Nordeste,Maceio,2020-05-19,151,2897,10,154
Nordeste,Aracaju,2020-05-19,228,2473,3,27
Nordeste,Salvador,2020-05-19,0,5331,13,215
Sudeste,Belo Horizonte,2020-05-19,60,1249,2,33
Sudeste,Vitoria,2020-05-19,124,1475,3,61
Sudeste,Rio de Janeiro,2020-05-19,1088,14531,175,2135
Sudeste,Sao Paulo,2020-05-19,1452,37640,173,3029
Sul,Cornelio Procopio,2020-05-19,8,15,0,0
Sul,Curitiba,2020-05-19,6,648,0,34
Sul,Guarapuava,2020-05-19,1,17,0,0
Sul,Palmas,2020-05-19,1,2,0,0
Sul,Ponta Grossa,2020-05-19,1,34,0,0
Sul,Toledo,2020-05-19,1,8,0,0
Sul,Florianopolis,2020-05-19,24,519,0,6
Sul,Porto Alegre,2020-05-19,0,603,1,25
Centro-Oeste,Campo Grande,2020-05-19,7,188,0,5
Centro-Oeste,Cuiaba,2020-05-19,16,309,0,5
Centro-Oeste,Goiania,2020-05-19,29,964,0,30
Centro-Oeste,Brasilia,2020-05-19,234,4853,6,72
Norte,Porto Velho,2020-05-20,39,1924,2,59
Norte,Manaus,2020-05-20,592,11643,58,1057
Norte,Belem,2020-05-20,878,7485,201,912
Norte,Tucurui,2020-05-20,62,176,7,29
Norte,Macapa,2020-05-20,22,2912,4,82
Nordeste,Sao Luis,2020-05-20,160,6639,14,448
Nordeste,Teresina,2020-05-20,119,1504,3,45
Nordeste,Fortaleza,2020-05-20,1226,18010,26,1333
Nordeste,Natal,2020-05-20,85,1668,3,49
Nordeste,Joao Pessoa,2020-05-20,199,2088,2,83
Nordeste,Recife,2020-05-20,493,11054,33,715
Nordeste,Maceio,2020-05-20,8,2905,8,162
Nordeste,Aracaju,2020-05-20,189,2662,2,29
Nordeste,Salvador,2020-05-20,0,5331,26,241
Sudeste,Belo Horizonte,2020-05-20,38,1287,2,35
Sudeste,Vitoria,2020-05-20,138,1613,7,68
Sudeste,Rio de Janeiro,2020-05-20,2535,17066,114,2249
Sudeste,Sao Paulo,2020-05-20,1826,39466,106,3135
Sul,Apucarana,2020-05-20,1,29,1,3
Sul,Cornelio Procopio,2020-05-20,4,19,0,0
Sul,Curitiba,2020-05-20,29,677,0,34
Sul,Francisco Beltrao,2020-05-20,0,9,1,1
Sul,Guarapuava,2020-05-20,3,20,0,0
Sul,Pato Branco,2020-05-20,1,17,0,1
Sul,Ponta Grossa,2020-05-20,10,44,0,0
Sul,Toledo,2020-05-20,1,9,0,0
Sul,Florianopolis,2020-05-20,5,524,0,6
Sul,Porto Alegre,2020-05-20,0,601,0,25
Centro-Oeste,Campo Grande,2020-05-20,6,194,1,6
Centro-Oeste,Cuiaba,2020-05-20,25,334,0,5
Centro-Oeste,Goiania,2020-05-20,64,1028,4,34
Centro-Oeste,Brasilia,2020-05-20,418,5271,6,78
Norte,Rio Branco,2020-05-21,305,2106,3,67
Norte,Manaus,2020-05-21,674,12317,37,1094
Norte,Belem,2020-05-21,469,7954,53,965
Norte,Tucurui,2020-05-21,27,203,0,29
Norte,Macapa,2020-05-21,345,3257,5,87
Nordeste,Sao Luis,2020-05-21,46,6685,15,463
Nordeste,Teresina,2020-05-21,73,1577,1,46
Nordeste,Fortaleza,2020-05-21,634,18644,170,1503
Nordeste,Natal,2020-05-21,59,1727,0,49
Nordeste,Joao Pessoa,2020-05-21,138,2226,6,89
Nordeste,Recife,2020-05-21,530,11584,32,747
Nordeste,Maceio,2020-05-21,251,3156,7,169
Nordeste,Aracaju,2020-05-21,181,2843,4,33
Nordeste,Salvador,2020-05-21,1549,6880,7,248
Sudeste,Belo Horizonte,2020-05-21,29,1316,1,36
Sudeste,Vitoria,2020-05-21,51,1664,0,68
Sudeste,Rio de Janeiro,2020-05-21,1677,18743,127,2376
Sudeste,Sao Paulo,2020-05-21,1985,41451,103,3238
Sul,Apucarana,2020-05-21,1,30,0,3
Sul,Cornelio Procopio,2020-05-21,1,20,0,0
Sul,Curitiba,2020-05-21,34,711,1,35
Sul,Francisco Beltrao,2020-05-21,4,13,0,1
Sul,Palmas,2020-05-21,2,4,0,0
Sul,Ponta Grossa,2020-05-21,5,49,0,0
Sul,Toledo,2020-05-21,3,12,0,0
Sul,Florianopolis,2020-05-21,1,525,0,6
Sul,Porto Alegre,2020-05-21,0,601,1,26
Centro-Oeste,Campo Grande,2020-05-21,28,222,0,6
Centro-Oeste,Cuiaba,2020-05-21,46,380,0,5
Centro-Oeste,Goiania,2020-05-21,21,1049,2,36
Centro-Oeste,Brasilia,2020-05-21,271,5542,6,84
Norte,Porto Velho,2020-05-22,170,2094,10,69
Norte,Rio Branco,2020-05-22,68,2174,2,69
Norte,Manaus,2020-05-22,650,12967,33,1127
Norte,Boa Vista,2020-05-22,274,1807,8,62
Norte,Belem,2020-05-22,673,8627,36,1001
Norte,Tucurui,2020-05-22,18,221,4,33
Norte,Macapa,2020-05-22,79,3336,4,91
Nordeste,Sao Luis,2020-05-22,429,7114,12,475
Nordeste,Teresina,2020-05-22,49,1626,1,47
Nordeste,Fortaleza,2020-05-22,626,19270,45,1548
Nordeste,Natal,2020-05-22,138,1865,1,50
Nordeste,Recife,2020-05-22,939,12523,56,803
Nordeste,Maceio,2020-05-22,121,3277,15,184
Nordeste,Aracaju,2020-05-22,97,2940,5,38
Nordeste,Salvador,2020-05-22,238,7118,9,257
Sudeste,Belo Horizonte,2020-05-22,35,1351,3,39
Sudeste,Vitoria,2020-05-22,84,1748,4,72
Sudeste,Rio de Janeiro,2020-05-22,1418,20161,144,2520
Sudeste,Sao Paulo,2020-05-22,1522,42973,114,3352
Sul,Cornelio Procopio,2020-05-22,4,24,0,0
Sul,Curitiba,2020-05-22,17,728,0,35
Sul,Ponta Grossa,2020-05-22,1,50,0,0
Sul,Florianopolis,2020-05-22,180,705,0,6
Centro-Oeste,Campo Grande,2020-05-22,2,224,0,6
Centro-Oeste,Cuiaba,2020-05-22,20,400,0,5
Centro-Oeste,Goiania,2020-05-22,114,1163,5,41
Centro-Oeste,Brasilia,2020-05-22,406,5948,6,90
Norte,Porto Velho,2020-05-23,241,2335,7,76
Norte,Rio Branco,2020-05-23,422,2596,6,75
Norte,Manaus,2020-05-23,657,13624,49,1176
Norte,Boa Vista,2020-05-23,108,1915,0,62
Norte,Belem,2020-05-23,600,9227,39,1040
Nordeste,Sao Luis,2020-05-23,372,7486,9,484
Nordeste,Teresina,2020-05-23,82,1708,2,49
Nordeste,Fortaleza,2020-05-23,282,19552,26,1574
Nordeste,Joao Pessoa,2020-05-23,228,2454,2,91
Nordeste,Recife,2020-05-23,401,12924,32,835
Nordeste,Maceio,2020-05-23,156,3433,9,193
Nordeste,Aracaju,2020-05-23,126,3066,3,41
Nordeste,Salvador,2020-05-23,908,8026,7,264
Sudeste,Belo Horizonte,2020-05-23,42,1393,3,42
Sudeste,Vitoria,2020-05-23,80,1828,2,74
Sudeste,Rio de Janeiro,2020-05-23,882,21043,182,2702
Sudeste,Sao Paulo,2020-05-23,1914,44887,139,3491
Sul,Apucarana,2020-05-23,1,31,0,3
Sul,Campo Mourao,2020-05-23,1,49,0,4
Sul,Cornelio Procopio,2020-05-23,4,28,0,0
Sul,Curitiba,2020-05-23,23,751,1,36
Sul,Guarapuava,2020-05-23,2,22,0,0
Sul,Pato Branco,2020-05-23,5,22,0,1
Sul,Ponta Grossa,2020-05-23,5,55,0,0
Sul,Toledo,2020-05-23,3,15,0,0
Sul,Florianopolis,2020-05-23,0,634,1,7
Sul,Porto Alegre,2020-05-23,0,601,1,27
Centro-Oeste,Campo Grande,2020-05-23,14,238,0,6
Centro-Oeste,Cuiaba,2020-05-23,25,425,0,5
Centro-Oeste,Goiania,2020-05-23,21,1184,0,41
Centro-Oeste,Brasilia,2020-05-23,303,6251,5,95
Norte,Porto Velho,2020-05-24,79,2414,3,79
Norte,Rio Branco,2020-05-24,245,2841,5,80
Norte,Manaus,2020-05-24,257,13881,6,1182
Norte,Boa Vista,2020-05-24,0,1914,9,71
Norte,Belem,2020-05-24,110,9337,77,1117
Norte,Tucurui,2020-05-24,1,222,0,33
Norte,Macapa,2020-05-24,241,3577,4,95
Nordeste,Sao Luis,2020-05-24,431,7917,6,490
Nordeste,Teresina,2020-05-24,63,1771,1,50
Nordeste,Fortaleza,2020-05-24,243,19795,5,1579
Nordeste,Natal,2020-05-24,30,1895,14,64
Nordeste,Joao Pessoa,2020-05-24,158,2612,5,96
Nordeste,Recife,2020-05-24,373,13297,16,851
Nordeste,Maceio,2020-05-24,152,3585,6,199
Nordeste,Aracaju,2020-05-24,100,3166,3,44
Nordeste,Salvador,2020-05-24,587,8613,39,303
Sudeste,Belo Horizonte,2020-05-24,41,1434,0,42
Sudeste,Vitoria,2020-05-24,8,1836,2,76
Sudeste,Rio de Janeiro,2020-05-24,732,21775,53,2755
Sudeste,Sao Paulo,2020-05-24,640,45527,43,3534
Sul,Cornelio Procopio,2020-05-24,2,30,0,0
Sul,Curitiba,2020-05-24,27,778,0,36
Sul,Francisco Beltrao,2020-05-24,1,14,1,2
Sul,Ponta Grossa,2020-05-24,2,57,0,0
Sul,Florianopolis,2020-05-24,10,644,0,7
Sul,Porto Alegre,2020-05-24,1,602,1,28
Centro-Oeste,Campo Grande,2020-05-24,7,245,0,6
Centro-Oeste,Cuiaba,2020-05-24,64,489,2,7
Centro-Oeste,Goiania,2020-05-24,22,1206,0,41
Centro-Oeste,Brasilia,2020-05-24,387,6638,9,104
Norte,Porto Velho,2020-05-25,30,2444,0,79
Norte,Rio Branco,2020-05-25,294,3135,5,85
Norte,Manaus,2020-05-25,98,13979,8,1190
Norte,Boa Vista,2020-05-25,82,1996,2,73
Norte,Belem,2020-05-25,530,9867,38,1155
Norte,Tucurui,2020-05-25,43,265,6,39
Norte,Macapa,2020-05-25,38,3615,3,98
Nordeste,Sao Luis,2020-05-25,151,8068,7,497
Nordeste,Teresina,2020-05-25,50,1821,7,57
Nordeste,Fortaleza,2020-05-25,351,20146,108,1687
Nordeste,Natal,2020-05-25,274,2169,2,66
Nordeste,Joao Pessoa,2020-05-25,75,2687,2,98
Nordeste,Recife,2020-05-25,252,13549,14,865
Nordeste,Maceio,2020-05-25,263,3848,14,213
Nordeste,Aracaju,2020-05-25,73,3239,4,48
Nordeste,Salvador,2020-05-25,247,8860,11,314
Sudeste,Belo Horizonte,2020-05-25,10,1444,0,42
Sudeste,Vitoria,2020-05-25,60,1896,2,78
Sudeste,Rio de Janeiro,2020-05-25,691,22466,76,2831
Sudeste,Sao Paulo,2020-05-25,677,46204,21,3555
Sul,Cornelio Procopio,2020-05-25,2,32,0,0
Sul,Curitiba,2020-05-25,12,790,0,36
Sul,Medianeira,2020-05-25,1,18,0,0
Sul,Ponta Grossa,2020-05-25,3,60,0,0
Sul,Florianopolis,2020-05-25,0,628,0,7
Sul,Porto Alegre,2020-05-25,1,603,4,32
Centro-Oeste,Campo Grande,2020-05-25,4,249,0,6
Centro-Oeste,Cuiaba,2020-05-25,29,518,0,7
Centro-Oeste,Goiania,2020-05-25,0,1200,0,41
Centro-Oeste,Brasilia,2020-05-25,292,6930,10,114
Norte,Porto Velho,2020-05-26,150,2594,9,88
Norte,Rio Branco,2020-05-26,219,3354,7,92
Norte,Manaus,2020-05-26,423,14402,58,1248
Norte,Boa Vista,2020-05-26,1,1997,10,83
Norte,Belem,2020-05-26,366,10233,19,1174
Norte,Tucurui,2020-05-26,23,288,1,40
Norte,Macapa,2020-05-26,59,3674,3,101
Nordeste,Sao Luis,2020-05-26,285,8353,12,509
Nordeste,Teresina,2020-05-26,69,1890,9,66
Nordeste,Fortaleza,2020-05-26,643,20789,82,1769
Nordeste,Natal,2020-05-26,52,2221,10,76
Nordeste,Joao Pessoa,2020-05-26,258,2945,2,100
Nordeste,Recife,2020-05-26,163,13712,37,902
Nordeste,Maceio,2020-05-26,216,4064,10,223
Nordeste,Aracaju,2020-05-26,167,3406,6,54
Nordeste,Salvador,2020-05-26,234,9094,14,328
Sudeste,Belo Horizonte,2020-05-26,90,1534,1,43
Sudeste,Vitoria,2020-05-26,68,1964,1,79
Sudeste,Rio de Janeiro,2020-05-26,824,23290,147,2978
Sudeste,Sao Paulo,2020-05-26,1350,47554,136,3691
Sul,Apucarana,2020-05-26,3,34,0,3
Sul,Campo Mourao,2020-05-26,1,50,0,4
Sul,Cornelio Procopio,2020-05-26,6,38,0,0
Sul,Curitiba,2020-05-26,26,816,1,37
Sul,Francisco Beltrao,2020-05-26,1,15,0,2
Sul,Guarapuava,2020-05-26,1,23,0,0
Sul,Ponta Grossa,2020-05-26,1,61,0,0
Sul,Toledo,2020-05-26,1,16,0,0
Sul,Florianopolis,2020-05-26,0,622,0,7
Centro-Oeste,Campo Grande,2020-05-26,13,262,0,6
Centro-Oeste,Cuiaba,2020-05-26,46,564,0,7
Centro-Oeste,Goiania,2020-05-26,107,1307,3,44
Centro-Oeste,Brasilia,2020-05-26,280,7210,10,124
Norte,Porto Velho,2020-05-27,247,2841,3,91
Norte,Rio Branco,2020-05-27,265,3619,6,98
Norte,Manaus,2020-05-27,398,14800,24,1272
Norte,Boa Vista,2020-05-27,240,2237,0,83
Norte,Belem,2020-05-27,381,10614,21,1195
Norte,Tucurui,2020-05-27,94,382,0,40
Norte,Macapa,2020-05-27,294,3968,7,108
Nordeste,Sao Luis,2020-05-27,110,8463,8,517
Nordeste,Teresina,2020-05-27,92,1982,3,69
Nordeste,Fortaleza,2020-05-27,150,20939,14,1783
Nordeste,Joao Pessoa,2020-05-27,287,3232,2,102
Nordeste,Recife,2020-05-27,374,14086,65,967
Nordeste,Maceio,2020-05-27,294,4358,7,230
Nordeste,Aracaju,2020-05-27,86,3492,3,57
Nordeste,Salvador,2020-05-27,295,9389,29,357
Sudeste,Belo Horizonte,2020-05-27,79,1613,0,43
Sudeste,Vitoria,2020-05-27,163,2127,3,82
Sudeste,Rio de Janeiro,2020-05-27,1460,24750,157,3135
Sudeste,Sao Paulo,2020-05-27,1710,49264,135,3826
Sul,Apucarana,2020-05-27,2,36,0,3
Sul,Cornelio Procopio,2020-05-27,5,43,0,0
Sul,Curitiba,2020-05-27,36,852,0,37
Sul,Ponta Grossa,2020-05-27,1,62,0,0
Sul,Toledo,2020-05-27,2,18,0,0
Sul,Florianopolis,2020-05-27,6,628,0,7
Centro-Oeste,Campo Grande,2020-05-27,3,265,0,6
Centro-Oeste,Cuiaba,2020-05-27,48,612,1,8
Centro-Oeste,Goiania,2020-05-27,86,1393,0,44
Centro-Oeste,Brasilia,2020-05-27,551,7761,9,133
Norte,Porto Velho,2020-05-28,264,3105,4,95
Norte,Rio Branco,2020-05-28,141,3760,7,105
Norte,Manaus,2020-05-28,969,15769,42,1314
Norte,Boa Vista,2020-05-28,120,2357,3,86
Norte,Belem,2020-05-28,681,11295,82,1277
Norte,Tucurui,2020-05-28,62,444,6,46
Norte,Macapa,2020-05-28,326,4294,11,119
Nordeste,Sao Luis,2020-05-28,237,8700,2,519
Nordeste,Teresina,2020-05-28,85,2067,6,75
Nordeste,Fortaleza,2020-05-28,389,21328,21,1804
Nordeste,Natal,2020-05-28,355,2576,9,85
Nordeste,Joao Pessoa,2020-05-28,240,3472,7,109
Nordeste,Recife,2020-05-28,279,14365,37,1004
Nordeste,Maceio,2020-05-28,231,4589,7,237
Nordeste,Aracaju,2020-05-28,131,3623,2,59
Nordeste,Salvador,2020-05-28,485,9874,33,390
Sudeste,Belo Horizonte,2020-05-28,61,1674,3,46
Sudeste,Vitoria,2020-05-28,81,2208,6,88
Sudeste,Rio de Janeiro,2020-05-28,1224,25974,158,3293
Sudeste,Sao Paulo,2020-05-28,3455,52719,132,3958
Sul,Campo Mourao,2020-05-28,0,49,0,4
Sul,Cornelio Procopio,2020-05-28,13,56,1,1
Sul,Curitiba,2020-05-28,52,904,2,39
Sul,Francisco Beltrao,2020-05-28,2,17,0,2
Sul,Ponta Grossa,2020-05-28,5,67,0,0
Sul,Toledo,2020-05-28,1,19,0,0
Sul,Florianopolis,2020-05-28,13,641,0,7
Sul,Porto Alegre,2020-05-28,2,605,3,35
Centro-Oeste,Campo Grande,2020-05-28,13,278,0,6
Centro-Oeste,Cuiaba,2020-05-28,43,655,0,8
Centro-Oeste,Goiania,2020-05-28,80,1473,5,49
Centro-Oeste,Brasilia,2020-05-28,539,8300,9,142
Norte,Porto Velho,2020-05-29,140,3245,4,99
Norte,Rio Branco,2020-05-29,135,3895,5,110
Norte,Manaus,2020-05-29,1723,17492,35,1349
Norte,Boa Vista,2020-05-29,155,2512,4,90
Norte,Belem,2020-05-29,214,11509,34,1311
Norte,Tucurui,2020-05-29,25,469,0,46
Norte,Macapa,2020-05-29,52,4346,4,123
Nordeste,Sao Luis,2020-05-29,182,8882,2,521
Nordeste,Teresina,2020-05-29,90,2157,8,83
Nordeste,Fortaleza,2020-05-29,377,21705,73,1877
Nordeste,Natal,2020-05-29,332,2908,15,100
Nordeste,Joao Pessoa,2020-05-29,213,3685,5,114
Nordeste,Recife,2020-05-29,467,14832,36,1040
Nordeste,Maceio,2020-05-29,244,4833,11,248
Nordeste,Aracaju,2020-05-29,161,3784,6,65
Nordeste,Salvador,2020-05-29,479,10353,31,421
Sudeste,Belo Horizonte,2020-05-29,92,1766,2,48
Sudeste,Vitoria,2020-05-29,110,2318,2,90
Sudeste,Rio de Janeiro,2020-05-29,1337,27311,137,3430
Sudeste,Sao Paulo,2020-05-29,3022,55741,158,4116
Sul,Campo Mourao,2020-05-29,1,50,0,4
Sul,Cornelio Procopio,2020-05-29,3,59,0,1
Sul,Curitiba,2020-05-29,17,921,3,42
Sul,Guarapuava,2020-05-29,4,27,0,0
Sul,Palmas,2020-05-29,2,6,0,0
Sul,Pato Branco,2020-05-29,2,24,0,1
Sul,Ponta Grossa,2020-05-29,3,70,0,0
Sul,Toledo,2020-05-29,3,22,0,0
Sul,Florianopolis,2020-05-29,3,644,0,7
Sul,Porto Alegre,2020-05-29,32,637,0,34
Centro-Oeste,Campo Grande,2020-05-29,5,283,0,6
Centro-Oeste,Cuiaba,2020-05-29,37,692,1,9
Centro-Oeste,Goiania,2020-05-29,83,1556,0,49
Centro-Oeste,Brasilia,2020-05-29,422,8722,12,154
Norte,Porto Velho,2020-05-30,116,3361,6,105
Norte,Rio Branco,2020-05-30,125,4020,4,114
Norte,Manaus,2020-05-30,647,18139,17,1366
Norte,Boa Vista,2020-05-30,103,2615,6,96
Norte,Belem,2020-05-30,78,11587,9,1320
Norte,Tucurui,2020-05-30,2,471,0,46
Norte,Macapa,2020-05-30,646,4992,4,127
Nordeste,Sao Luis,2020-05-30,259,9141,3,524
Nordeste,Teresina,2020-05-30,91,2248,2,85
Nordeste,Fortaleza,2020-05-30,1673,23378,62,1939
Nordeste,Joao Pessoa,2020-05-30,217,3902,12,126
Nordeste,Recife,2020-05-30,333,15165,24,1064
Nordeste,Maceio,2020-05-30,274,5107,14,262
Nordeste,Aracaju,2020-05-30,160,3944,3,68
Nordeste,Salvador,2020-05-30,371,10724,22,443
Sudeste,Belo Horizonte,2020-05-30,12,1778,1,49
Sudeste,Vitoria,2020-05-30,98,2416,2,92
Sudeste,Rio de Janeiro,2020-05-30,1170,28481,95,3525
Sudeste,Sao Paulo,2020-05-30,2878,58619,123,4239
Sul,Campo Mourao,2020-05-30,1,51,0,4
Sul,Cornelio Procopio,2020-05-30,5,64,0,1
Sul,Curitiba,2020-05-30,24,945,5,47
Sul,Francisco Beltrao,2020-05-30,6,23,0,2
Sul,Guarapuava,2020-05-30,2,29,0,0
Sul,Medianeira,2020-05-30,2,20,0,0
Sul,Ponta Grossa,2020-05-30,2,72,0,0
Sul,Toledo,2020-05-30,4,26,0,0
Sul,Florianopolis,2020-05-30,13,657,0,7
Sul,Porto Alegre,2020-05-30,94,731,0,34
Centro-Oeste,Campo Grande,2020-05-30,10,293,1,7
Centro-Oeste,Cuiaba,2020-05-30,31,723,0,9
Centro-Oeste,Goiania,2020-05-30,25,1581,3,52
Centro-Oeste,Brasilia,2020-05-30,752,9474,8,162
Norte,Porto Velho,2020-05-31,134,3495,4,109
Norte,Rio Branco,2020-05-31,84,4104,2,116
Norte,Manaus,2020-05-31,154,18293,0,1366
Norte,Boa Vista,2020-05-31,146,2761,0,96
Norte,Belem,2020-05-31,4,11591,0,1320
Norte,Macapa,2020-05-31,43,5035,3,130
Nordeste,Sao Luis,2020-05-31,114,9255,2,526
Nordeste,Teresina,2020-05-31,56,2304,5,90
Nordeste,Fortaleza,2020-05-31,235,23613,28,1967
Nordeste,Natal,2020-05-31,212,3120,5,105
Nordeste,Joao Pessoa,2020-05-31,57,3959,4,130
Nordeste,Recife,2020-05-31,309,15474,17,1081
Nordeste,Maceio,2020-05-31,784,5891,13,275
Nordeste,Aracaju,2020-05-31,117,4061,3,71
Nordeste,Salvador,2020-05-31,363,11087,10,453
Sudeste,Belo Horizonte,2020-05-31,74,1852,0,49
Sudeste,Vitoria,2020-05-31,37,2453,4,96
Sudeste,Rio de Janeiro,2020-05-31,676,29157,53,3578
Sudeste,Sao Paulo,2020-05-31,1512,60131,41,4280
Sul,Apucarana,2020-05-31,3,39,0,3
Sul,Campo Mourao,2020-05-31,1,52,0,4
Sul,Cornelio Procopio,2020-05-31,22,86,0,1
Sul,Curitiba,2020-05-31,39,984,0,47
Sul,Francisco Beltrao,2020-05-31,1,24,0,2
Sul,Florianopolis,2020-05-31,22,679,0,7
Sul,Porto Alegre,2020-05-31,12,743,1,35
Centro-Oeste,Campo Grande,2020-05-31,19,312,0,7
Centro-Oeste,Cuiaba,2020-05-31,24,747,1,10
Centro-Oeste,Goiania,2020-05-31,80,1661,0,52
Centro-Oeste,Brasilia,2020-05-31,306,9780,8,170
Norte,Rio Branco,2020-06-01,85,4189,11,127
Norte,Manaus,2020-06-01,74,18367,5,1371
Norte,Boa Vista,2020-06-01,124,2885,2,98
Norte,Belem,2020-06-01,294,11885,15,1335
Norte,Tucurui,2020-06-01,23,494,0,46
Norte,Macapa,2020-06-01,44,5079,6,136
Nordeste,Sao Luis,2020-06-01,192,9447,2,528
Nordeste,Teresina,2020-06-01,128,2432,5,95
Nordeste,Fortaleza,2020-06-01,491,24104,117,2084
Nordeste,Natal,2020-06-01,89,3209,8,113
Nordeste,Joao Pessoa,2020-06-01,192,4151,1,131
Nordeste,Recife,2020-06-01,91,15565,16,1097
Nordeste,Maceio,2020-06-01,206,6097,13,288
Nordeste,Aracaju,2020-06-01,129,4190,4,75
Nordeste,Salvador,2020-06-01,344,11431,21,474
Sudeste,Belo Horizonte,2020-06-01,30,1882,0,49
Sudeste,Vitoria,2020-06-01,65,2518,4,100
Sudeste,Rio de Janeiro,2020-06-01,857,30014,93,3671
Sudeste,Sao Paulo,2020-06-01,995,61126,24,4304
Sul,Cornelio Procopio,2020-06-01,10,96,0,1
Sul,Curitiba,2020-06-01,21,1005,2,49
Sul,Francisco Beltrao,2020-06-01,1,25,0,2
Sul,Guarapuava,2020-06-01,3,32,0,0
Sul,Pato Branco,2020-06-01,3,27,0,1
Sul,Ponta Grossa,2020-06-01,4,76,0,0
Sul,Toledo,2020-06-01,2,28,1,1
Sul,Florianopolis,2020-06-01,8,687,0,7
Sul,Porto Alegre,2020-06-01,1,744,2,37
Centro-Oeste,Campo Grande,2020-06-01,5,317,0,7
Centro-Oeste,Cuiaba,2020-06-01,48,795,1,11
Centro-Oeste,Goiania,2020-06-01,69,1730,1,53
Centro-Oeste,Brasilia,2020-06-01,730,10510,3,173
Norte,Porto Velho,2020-06-02,359,3854,10,119
Norte,Rio Branco,2020-06-02,48,4237,2,129
Norte,Manaus,2020-06-02,614,18981,19,1390
Norte,Boa Vista,2020-06-02,248,3133,4,102
Norte,Belem,2020-06-02,803,12688,46,1381
Norte,Tucurui,2020-06-02,42,536,0,46
Norte,Macapa,2020-06-02,165,5244,4,140
Nordeste,Sao Luis,2020-06-02,143,9590,7,535
Nordeste,Teresina,2020-06-02,99,2531,6,101
Nordeste,Fortaleza,2020-06-02,1240,25344,193,2277
Nordeste,Natal,2020-06-02,287,3496,13,126
Nordeste,Joao Pessoa,2020-06-02,316,4467,0,131
Nordeste,Recife,2020-06-02,184,15749,3,1100
Nordeste,Maceio,2020-06-02,228,6325,13,301
Nordeste,Aracaju,2020-06-02,210,4400,4,79
Nordeste,Salvador,2020-06-02,1419,12850,19,493
Sudeste,Belo Horizonte,2020-06-02,30,1912,2,51
Sudeste,Vitoria,2020-06-02,155,2673,3,103
Sudeste,Rio de Janeiro,2020-06-02,1190,31204,157,3828
Sudeste,Sao Paulo,2020-06-02,3317,64443,139,4443
Sul,Apucarana,2020-06-02,1,40,0,3
Sul,Campo Mourao,2020-06-02,4,56,0,4
Sul,Cornelio Procopio,2020-06-02,10,106,0,1
Sul,Curitiba,2020-06-02,23,1028,2,51
Sul,Francisco Beltrao,2020-06-02,1,26,0,2
Sul,Guarapuava,2020-06-02,3,35,0,0
Sul,Pato Branco,2020-06-02,4,31,0,1
Sul,Ponta Grossa,2020-06-02,4,80,0,0
Sul,Toledo,2020-06-02,8,36,0,1
Sul,Florianopolis,2020-06-02,10,697,0,7
Sul,Porto Alegre,2020-06-02,3,747,2,39
Centro-Oeste,Campo Grande,2020-06-02,12,329,0,7
Centro-Oeste,Cuiaba,2020-06-02,34,829,2,13
Centro-Oeste,Goiania,2020-06-02,79,1809,12,65
Centro-Oeste,Brasilia,2020-06-02,746,11256,4,177
Norte,Porto Velho,2020-06-03,63,3917,7,126
Norte,Rio Branco,2020-06-03,52,4289,2,131
Norte,Manaus,2020-06-03,62,19043,17,1407
Norte,Belem,2020-06-03,344,13032,35,1416
Norte,Tucurui,2020-06-03,31,567,3,49
Norte,Macapa,2020-06-03,93,5337,9,149
Nordeste,Sao Luis,2020-06-03,327,9917,3,538
Nordeste,Teresina,2020-06-03,119,2650,6,107
Nordeste,Fortaleza,2020-06-03,382,25726,57,2334
Nordeste,Natal,2020-06-03,42,3538,1,127
Nordeste,Joao Pessoa,2020-06-03,353,4820,22,153
Nordeste,Recife,2020-06-03,228,15977,20,1120
Nordeste,Maceio,2020-06-03,435,6760,16,317
Nordeste,Aracaju,2020-06-03,182,4582,4,83
Nordeste,Salvador,2020-06-03,428,13278,18,511
Sudeste,Belo Horizonte,2020-06-03,117,2029,0,51
Sudeste,Vitoria,2020-06-03,191,2864,6,109
Sudeste,Rio de Janeiro,2020-06-03,1747,32951,227,4055
Sudeste,Sao Paulo,2020-06-03,2334,66777,121,4564
Sul,Campo Mourao,2020-06-03,1,57,0,4
Sul,Cornelio Procopio,2020-06-03,1,107,0,1
Sul,Curitiba,2020-06-03,71,1099,2,53
Sul,Pato Branco,2020-06-03,1,32,0,1
Sul,Toledo,2020-06-03,3,39,0,1
Sul,Florianopolis,2020-06-03,13,710,0,7
Sul,Porto Alegre,2020-06-03,31,778,2,41
Centro-Oeste,Campo Grande,2020-06-03,12,341,0,7
Centro-Oeste,Cuiaba,2020-06-03,59,888,0,13
Centro-Oeste,Goiania,2020-06-03,38,1847,2,67
Centro-Oeste,Brasilia,2020-06-03,764,12020,14,191
Norte,Porto Velho,2020-06-04,426,4343,13,139
Norte,Rio Branco,2020-06-04,0,0,0,0
Norte,Manaus,2020-06-04,919,19962,10,1417
Norte,Boa Vista,2020-06-04,572,3705,14,116
Norte,Macapa,2020-06-04,128,5465,6,155
Nordeste,Sao Luis,2020-06-04,18,9935,6,544
Nordeste,Teresina,2020-06-04,315,2965,9,116
Nordeste,Natal,2020-06-04,72,3610,4,131
Nordeste,Joao Pessoa,2020-06-04,499,5319,4,157
Nordeste,Recife,2020-06-04,273,16250,57,1177
Nordeste,Maceio,2020-06-04,352,7112,18,335
Nordeste,Aracaju,2020-06-04,109,4691,2,85
Nordeste,Salvador,2020-06-04,467,13745,24,535
Sudeste,Belo Horizonte,2020-06-04,115,2144,4,55
Sudeste,Vitoria,2020-06-04,123,2987,4,113
Sudeste,Rio de Janeiro,2020-06-04,744,33695,176,4231
Sudeste,Sao Paulo,2020-06-04,2570,69347,111,4675
Sul,Campo Mourao,2020-06-04,1,58,0,4
Sul,Cornelio Procopio,2020-06-04,14,121,0,1
Sul,Curitiba,2020-06-04,44,1143,0,53
Sul,Francisco Beltrao,2020-06-04,10,36,0,2
Sul,Guarapuava,2020-06-04,3,38,0,0
Sul,Palmas,2020-06-04,1,7,0,0
Sul,Pato Branco,2020-06-04,2,34,0,1
Sul,Ponta Grossa,2020-06-04,3,83,0,0
Sul,Toledo,2020-06-04,10,49,0,1
Sul,Florianopolis,2020-06-04,17,727,0,7
Sul,Porto Alegre,2020-06-04,171,949,1,42
Centro-Oeste,Campo Grande,2020-06-04,10,351,1,8
Centro-Oeste,Cuiaba,2020-06-04,87,975,0,13
Centro-Oeste,Goiania,2020-06-04,181,2028,4,71
Centro-Oeste,Brasilia,2020-06-04,903,12923,5,196
Norte,Porto Velho,2020-06-05,202,4545,15,154
Norte,Rio Branco,2020-06-05,4448,4448,140,140
Norte,Manaus,2020-06-05,460,20422,15,1432
Norte,Boa Vista,2020-06-05,295,4000,0,116
Norte,Macapa,2020-06-05,85,5550,4,159
Nordeste,Sao Luis,2020-06-05,135,10070,5,549
Nordeste,Teresina,2020-06-05,172,3137,3,119
Nordeste,Fortaleza,2020-06-05,1348,27074,119,2453
Nordeste,Natal,2020-06-05,4,3614,9,140
Nordeste,Joao Pessoa,2020-06-05,233,5552,2,159
Nordeste,Recife,2020-06-05,270,16520,30,1207
Nordeste,Maceio,2020-06-05,401,7513,19,354
Nordeste,Aracaju,2020-06-05,249,4940,5,90
Nordeste,Salvador,2020-06-05,1428,15173,23,558
Sudeste,Belo Horizonte,2020-06-05,161,2305,3,58
Sudeste,Vitoria,2020-06-05,188,3175,6,119
Sudeste,Rio de Janeiro,2020-06-05,1348,35043,78,4309
Sudeste,Sao Paulo,2020-06-05,2106,71453,130,4805
Sul,Apucarana,2020-06-05,3,43,0,3
Sul,Cornelio Procopio,2020-06-05,21,142,1,2
Sul,Curitiba,2020-06-05,87,1230,2,55
Sul,Francisco Beltrao,2020-06-05,2,38,0,2
Sul,Guarapuava,2020-06-05,2,40,0,0
Sul,Palmas,2020-06-05,1,8,0,0
Sul,Ponta Grossa,2020-06-05,12,95,0,0
Sul,Toledo,2020-06-05,22,71,1,2
Sul,Florianopolis,2020-06-05,32,759,0,7
Sul,Porto Alegre,2020-06-05,128,1077,1,43
Centro-Oeste,Campo Grande,2020-06-05,22,373,0,8
Centro-Oeste,Cuiaba,2020-06-05,62,1037,3,16
Centro-Oeste,Goiania,2020-06-05,263,2291,1,72
Centro-Oeste,Brasilia,2020-06-05,1285,14208,6,202
Norte,Porto Velho,2020-06-06,542,5087,13,167
Norte,Rio Branco,2020-06-06,38,4486,7,147
Norte,Manaus,2020-06-06,363,20785,30,1462
Norte,Boa Vista,2020-06-06,210,4210,3,119
Norte,Belem,2020-06-06,1008,14040,167,1583
Norte,Tucurui,2020-06-06,64,631,4,53
Nordeste,Sao Luis,2020-06-06,424,10494,8,557
Nordeste,Teresina,2020-06-06,89,3226,9,128
Nordeste,Fortaleza,2020-06-06,246,27320,6,2459
Nordeste,Joao Pessoa,2020-06-06,366,5918,8,167
Nordeste,Recife,2020-06-06,175,16695,28,1235
Nordeste,Maceio,2020-06-06,621,8134,23,377
Nordeste,Aracaju,2020-06-06,183,5123,4,94
Nordeste,Salvador,2020-06-06,518,15691,21,579
Sudeste,Belo Horizonte,2020-06-06,103,2408,2,60
Sudeste,Vitoria,2020-06-06,210,3385,3,122
Sudeste,Rio de Janeiro,2020-06-06,660,35703,92,4401
Sudeste,Sao Paulo,2020-06-06,2408,73861,96,4901
Sul,Curitiba,2020-06-06,34,1264,0,54
Sul,Francisco Beltrao,2020-06-06,1,39,0,2
Sul,Guarapuava,2020-06-06,1,41,0,0
Sul,Ponta Grossa,2020-06-06,1,96,0,0
Sul,Toledo,2020-06-06,2,73,0,2
Sul,Florianopolis,2020-06-06,24,783,1,8
Sul,Porto Alegre,2020-06-06,54,1131,1,44
Centro-Oeste,Campo Grande,2020-06-06,15,388,0,8
Centro-Oeste,Cuiaba,2020-06-06,44,1081,1,17
Centro-Oeste,Goiania,2020-06-06,38,2329,3,75
Centro-Oeste,Brasilia,2020-06-06,1642,15850,6,208
Norte,Porto Velho,2020-06-07,74,5161,4,171
Norte,Rio Branco,2020-06-07,59,4545,4,151
Norte,Manaus,2020-06-07,52,20837,4,1466
Norte,Boa Vista,2020-06-07,213,4423,3,122
Norte,Belem,2020-06-07,51,14091,5,1588
Norte,Tucurui,2020-06-07,12,643,1,54
Norte,Macapa,2020-06-07,29,5579,3,162
Nordeste,Sao Luis,2020-06-07,119,10613,11,568
Nordeste,Teresina,2020-06-07,83,3309,9,137
Nordeste,Fortaleza,2020-06-07,91,27411,0,2458
Nordeste,Natal,2020-06-07,525,4139,5,145
Nordeste,Joao Pessoa,2020-06-07,86,6004,3,170
Nordeste,Recife,2020-06-07,214,16909,7,1242
Nordeste,Maceio,2020-06-07,238,8372,14,391
Nordeste,Aracaju,2020-06-07,173,5296,4,98
Nordeste,Salvador,2020-06-07,310,16001,21,600
Sudeste,Belo Horizonte,2020-06-07,89,2497,0,59
Sudeste,Vitoria,2020-06-07,123,3508,4,126
Sudeste,Rio de Janeiro,2020-06-07,412,36115,61,4462
Sudeste,Sao Paulo,2020-06-07,935,74796,19,4920
Sul,Campo Mourao,2020-06-07,2,60,0,4
Sul,Cornelio Procopio,2020-06-07,5,147,0,2
Sul,Curitiba,2020-06-07,48,1312,3,57
Sul,Francisco Beltrao,2020-06-07,1,40,0,2
Sul,Guarapuava,2020-06-07,2,43,0,0
Sul,Palmas,2020-06-07,1,9,0,0
Sul,Pato Branco,2020-06-07,2,36,0,1
Sul,Ponta Grossa,2020-06-07,5,101,0,0
Sul,Toledo,2020-06-07,27,100,0,2
Sul,Florianopolis,2020-06-07,9,792,0,8
Sul,Porto Alegre,2020-06-07,8,1139,0,44
Centro-Oeste,Campo Grande,2020-06-07,10,398,0,8
Centro-Oeste,Cuiaba,2020-06-07,131,1212,7,24
Centro-Oeste,Goiania,2020-06-07,16,2345,0,75
Centro-Oeste,Brasilia,2020-06-07,773,16623,6,214
Norte,Porto Velho,2020-06-08,334,5495,9,180
Norte,Rio Branco,2020-06-08,84,4629,0,151
Norte,Manaus,2020-06-08,111,20948,9,1475
Norte,Boa Vista,2020-06-08,205,4628,22,144
Norte,Belem,2020-06-08,415,14506,44,1632
Norte,Tucurui,2020-06-08,53,696,5,59
Norte,Macapa,2020-06-08,4,5583,5,167
Nordeste,Sao Luis,2020-06-08,142,10755,9,577
Nordeste,Teresina,2020-06-08,148,3457,5,142
Nordeste,Fortaleza,2020-06-08,478,27889,111,2569
Nordeste,Natal,2020-06-08,69,4208,18,163
Nordeste,Joao Pessoa,2020-06-08,242,6246,13,183
Nordeste,Recife,2020-06-08,128,17037,28,1270
Nordeste,Aracaju,2020-06-08,276,5572,9,107
Sudeste,Belo Horizonte,2020-06-08,17,2514,0,59
Sudeste,Vitoria,2020-06-08,125,3633,7,133
Sudeste,Rio de Janeiro,2020-06-08,778,36893,54,4516
Sudeste,Sao Paulo,2020-06-08,903,75699,17,4937
Sul,Apucarana,2020-06-08,2,45,0,3
Sul,Campo Mourao,2020-06-08,1,61,0,4
Sul,Cornelio Procopio,2020-06-08,6,153,0,2
Sul,Curitiba,2020-06-08,10,1322,1,58
Sul,Pato Branco,2020-06-08,3,39,0,1
Sul,Toledo,2020-06-08,3,103,0,2
Sul,Florianopolis,2020-06-08,15,807,0,8
Sul,Porto Alegre,2020-06-08,2,1141,0,44
Centro-Oeste,Campo Grande,2020-06-08,24,422,0,8
Centro-Oeste,Cuiaba,2020-06-08,73,1285,6,30
Centro-Oeste,Goiania,2020-06-08,83,2428,0,75
Centro-Oeste,Brasilia,2020-06-08,325,16948,12,226
