RegionName,region,population
Tucurui,Tucurui,113659
Rio Branco,Rio Branco,407319
Maceio,Maceio,1018948
Macapa,Macapa,503327
Manaus,Manaus,2182763
Salvador,Salvador,2872347
Fortaleza,Fortaleza,2669342
Brasilia,Brasilia,3015268
Vitoria,Vitoria,362097
Goiania,Goiania,1516113
Sao Luis,Sao Luis,1101884
Cuiaba,Cuiaba,612547
Campo Grande,Campo Grande,895982
Belo Horizonte,Belo Horizonte,2512070
Belem,Belem,1492745
Joao Pessoa,Joao Pessoa,809015
Curitiba,Curitiba,1933105
Recife,Recife,1645727
Teresina,Teresina,864845
Teresina,Teresina,864845
Natal,Natal,884122
Porto Alegre,Porto Alegre,1483771
Porto Velho,Porto Velho,529544
Boa Vista,Boa Vista,399213
Florianopolis,Florianopolis,500973
Sao Paulo,Sao Paulo,12252023
Aracaju,Aracaju,657013
Palmas,Palmas,50986
Apucarana,Apucarana,134996
Campo Mourao,Campo Mourao,94859
Cornelio Procopio,Cornelio Procopio,47845
Dois Vizinhos,Dois Vizinhos,40641
Francisco Beltrao,Francisco Beltrao,91093
Guarapuava,Guarapuava,181504
Medianeira,Medianeira,46198
Pato Branco,Pato Branco,82881
Ponta Grossa,Ponta Grossa,351736
Santa Helena,Santa Helena,26490
Toledo,Toledo,140635
